fold,split_type,heldout_key,site_floor_key,site_id,path_id,floor,timestamp,point_index,group_id,selected_candidate_index,rank1_candidate_index,selected_rank,rank1_rank,selected_gt_distance_m,rank1_gt_distance_m,oracle50_gt_distance_m,raw_pred_error_m,predicted_score,rank1_predicted_score,predicted_score_margin,selected_pred_to_candidate_m,selected_source_wifi_best_score,selected_source_wifi_top3_score_mean,selected_wifi_knn_score,selected_wifi_weighted_overlap_score,selected_temporal_smoothness_rank1_m,selected_step_from_prev_rank1_m,selected_step_to_next_rank1_m,selected_distance_to_prev_raw_pred_m,selected_distance_to_next_raw_pred_m,rank1_pred_to_candidate_m,rank1_source_wifi_best_score,rank1_source_wifi_top3_score_mean,rank1_wifi_knn_score,rank1_wifi_weighted_overlap_score,rank1_temporal_smoothness_rank1_m,rank1_step_from_prev_rank1_m,rank1_step_to_next_rank1_m,rank1_distance_to_prev_raw_pred_m,rank1_distance_to_next_raw_pred_m,pred_to_candidate_margin_m,source_wifi_best_score_margin,source_wifi_top3_score_margin,wifi_knn_score_margin,wifi_weighted_overlap_margin,temporal_smoothness_margin_m
path_01,leave_one_path_id_out,5dc65d451cda3700060305be,5da138274db8ce0c98bbd3d2|F1,5da138274db8ce0c98bbd3d2,5dc65d451cda3700060305be,F1,1573277678757,0,5da138274db8ce0c98bbd3d2|5dc65d451cda3700060305be|F1|1573277678757|0,156,160,3,1,0.0213732098665552,4.917676566641991,0.0213732098665552,4.129981585268762,1.6539047655134425,1.7994144873717781,0.14550972185833566,4.1102720534764,0.4482762673231435,0.3888890243195518,0.3335142451123875,0.3335142451123875,6.5115282384398725,,6.5115282384398725,,6.997351357635263,2.296882645646695,0.3756510849828223,0.3473475878902886,0.3843432168448181,0.3843432168448181,6.103277807866851,,6.103277807866851,,5.342279958419025,-1.8133894078297055,0.07262518234032123,0.04154143642926322,-0.05082897173243062,-0.05082897173243062,-0.40825043057302146
path_01,leave_one_path_id_out,5dc65d451cda3700060305be,5da138274db8ce0c98bbd3d2|F1,5da138274db8ce0c98bbd3d2,5dc65d451cda3700060305be,F1,1573277688965,1,5da138274db8ce0c98bbd3d2|5dc65d451cda3700060305be|F1|1573277688965|1,161,159,2,1,4.889643236106302,0.0436231177244337,0.0436231177244337,1.6262167429303604,1.3985544241232455,1.442036695456076,0.04348227133283045,3.3384626784091918,0.5435064364699244,0.4443801460413448,0.3771570057649452,0.3771570057649452,6.413267497929585,6.413267497929585,,5.6622550063262,,1.6241554327629897,0.5078402341990691,0.437421843183339,0.423409530541845,0.423409530541845,6.103277807866851,6.103277807866851,,3.93128487474426,,-1.714307245646202,0.03566620227085526,0.006958302858005805,-0.046252524776899784,-0.046252524776899784,-0.3099896900627339
path_02,leave_one_path_id_out,5dce63105516ad00065f0280,5da138364db8ce0c98bc00f1|F3,5da138364db8ce0c98bc00f1,5dce63105516ad00065f0280,F3,1573805791439,0,5da138364db8ce0c98bc00f1|5dce63105516ad00065f0280|F3|1573805791439|0,15,17,6,1,6.461060212402907,4.1622994448136525,0.4191174874614517,4.953881900793142,1.2837807946305775,2.2742688926194883,0.9904880979889108,5.351757141658655,0.5993302125957763,0.5184872694001006,0.5850751514288399,0.5850751514288399,8.5158675424175,,8.5158675424175,,8.521066336236942,2.881035602399854,0.4830298337921846,0.4830298337921846,0.4830298337921846,0.4830298337921846,1.697056274847708,,1.697056274847708,,4.158841005574082,-2.470721539258801,0.11630037880359173,0.03545743560791598,0.10204531763665531,0.10204531763665531,-6.818811267569791
path_02,leave_one_path_id_out,5dce63105516ad00065f0280,5da138364db8ce0c98bc00f1|F3,5da138364db8ce0c98bc00f1,5dce63105516ad00065f0280,F3,1573805799890,1,5da138364db8ce0c98bc00f1|5dce63105516ad00065f0280|F3|1573805799890|1,8,16,2,1,3.8175107578887055,6.359051972314423,0.0343683953073137,5.136203690050584,1.2533397620827484,2.0756473769682806,0.8223076148855322,4.0533906238724455,0.5022914870942519,0.4753355224350803,0.4983819230983662,0.4983819230983662,7.076193568558763,7.542545989253232,6.6098411478642936,5.408297492538283,6.73223395783733,2.779339153790106,0.2710477921821664,0.2544414043600434,0.1984250092242122,0.1984250092242122,0.848528137423854,1.697056274847708,0.0,3.221659698537411,1.757929134331428,-1.2740514700823393,0.23124369491208546,0.2208941180750369,0.299956913874154,0.299956913874154,-6.227665431134909
path_02,leave_one_path_id_out,5dce63105516ad00065f0280,5da138364db8ce0c98bc00f1|F3,5da138364db8ce0c98bc00f1,5dce63105516ad00065f0280,F3,1573805810535,2,5da138364db8ce0c98bc00f1|5dce63105516ad00065f0280|F3|1573805810535|2,13,16,3,1,3.0366136509111525,2.420761133383471,2.420761133383471,0.8311807581314821,1.970572581286302,2.1863205378552384,0.21574795656893642,3.525537860807995,0.2686721884045229,0.2685440799313888,0.2488208237278056,0.2488208237278056,5.281098370604356,5.281098370604356,,5.106676024493782,,1.757929134331428,0.3270194800987522,0.3202483457476323,0.2346553589100174,0.2346553589100174,0.0,0.0,,2.779339153790106,,-1.767608726476567,-0.05834729169422931,-0.05170426581624349,0.014165464817788187,0.014165464817788187,-5.281098370604356
path_03,leave_one_path_id_out,5dce818894e4900006125129,5d27099f03f801723c32511d|F3,5d27099f03f801723c32511d,5dce818894e4900006125129,F3,1573814364226,0,5d27099f03f801723c32511d|5dce818894e4900006125129|F3|1573814364226|0,6,34,10,1,0.0420701464817946,14.29749799430743,0.0420701464817946,9.992844891120107,2.143261869511099,2.5535705924299434,0.41030872291884446,9.956907583765275,0.4992071573117711,0.3096703626927655,0.5124583072610785,0.5124583072610785,14.261135999632009,,14.261135999632009,,10.137055947394916,4.310883095394408,0.5154944263592662,0.4897863541078688,0.4487523851421218,0.4487523851421218,0.0,,0.0,,4.142597788038815,-5.646024488370867,-0.016287269047495112,-0.18011599141510332,0.06370592211895676,0.06370592211895676,-14.261135999632009
path_03,leave_one_path_id_out,5dce818894e4900006125129,5d27099f03f801723c32511d|F3,5d27099f03f801723c32511d,5dce818894e4900006125129,F3,1573814369722,1,5d27099f03f801723c32511d|5dce818894e4900006125129|F3|1573814369722|1,6,34,10,1,1.966883233433296,12.299361977515783,0.0253111430204167,8.182230390336622,1.9187950765286148,2.444287852130761,0.5254927756021464,10.137055947394916,0.4850130457655386,0.2937030718372843,0.5017523356352245,0.5017523356352245,16.037447363543794,14.261135999632009,17.813758727455582,9.956907583765275,22.6663667803766,4.142597788038815,0.5063515013875524,0.4738883458940884,0.4266377052688243,0.4266377052688243,14.545188207788856,0.0,29.090376415577712,4.310883095394408,32.884606094500455,-5.9944581593561015,-0.021338455622013752,-0.18018527405680412,0.0751146303664002,0.0751146303664002,-1.4922591557549385
path_03,leave_one_path_id_out,5dce818894e4900006125129,5d27099f03f801723c32511d|F3,5d27099f03f801723c32511d,5dce818894e4900006125129,F3,1573814384235,2,5d27099f03f801723c32511d|5dce818894e4900006125129|F3|1573814384235|2,8,5,25,1,15.435453242521383,22.51240433188033,0.0093382045383448,25.5972331231702,3.141729084263528,3.746576678716902,0.604847594453374,32.14448913715257,0.0,0.0,0.0,0.0,11.02905254316979,11.02905254316979,,8.700116359386042,,5.228404618758149,0.0,0.0,0.0,0.0,29.090376415577712,29.090376415577712,,25.34452040519529,,-26.91608451839442,0.0,0.0,0.0,0.0,18.06132387240792
path_04,leave_one_path_id_out,5dd0e5dd878f3300066c7644,5da138754db8ce0c98bca82f|F1,5da138754db8ce0c98bca82f,5dd0e5dd878f3300066c7644,F1,1573964482225,0,5da138754db8ce0c98bca82f|5dd0e5dd878f3300066c7644|F1|1573964482225|0,25,25,1,1,9.449067293600145,9.449067293600145,0.0498589910046282,10.371738569669835,1.8991377027001146,1.8991377027001146,0.0,2.1097258727208903,0.3980005808637201,0.3980005808637201,0.3980005808637201,0.3980005808637201,0.0,,0.0,,3.555162678100347,2.1097258727208903,0.3980005808637201,0.3980005808637201,0.3980005808637201,0.3980005808637201,0.0,,0.0,,3.555162678100347,0.0,0.0,0.0,0.0,0.0,0.0
path_04,leave_one_path_id_out,5dd0e5dd878f3300066c7644,5da138754db8ce0c98bca82f|F1,5da138754db8ce0c98bca82f,5dd0e5dd878f3300066c7644,F1,1573964491311,1,5da138754db8ce0c98bca82f|5dd0e5dd878f3300066c7644|F1|1573964491311|1,25,25,1,1,3.636179409242612,3.636179409242612,3.636179409242612,6.788144582832123,1.6776288425734922,1.6776288425734922,0.0,3.555162678100347,0.4042402214709529,0.4042402214709529,0.4042402214709529,0.4042402214709529,4.063557554655774,0.0,8.127115109311548,2.1097258727208903,8.325434895994858,3.555162678100347,0.4042402214709529,0.4042402214709529,0.4042402214709529,0.4042402214709529,4.063557554655774,0.0,8.127115109311548,2.1097258727208903,8.325434895994858,0.0,0.0,0.0,0.0,0.0,0.0
path_04,leave_one_path_id_out,5dd0e5dd878f3300066c7644,5da138754db8ce0c98bca82f|F1,5da138754db8ce0c98bca82f,5dd0e5dd878f3300066c7644,F1,1573964500428,2,5da138754db8ce0c98bca82f|5dd0e5dd878f3300066c7644|F1|1573964500428|2,30,30,1,1,4.221098456697733,4.221098456697733,0.0369348228099155,7.720657782677607,1.8196128641010236,1.8196128641010236,0.0,3.68287932764192,0.4325908663113595,0.4325908663113595,0.4325908663113595,0.4325908663113595,7.992934095533478,8.127115109311548,7.858753081755409,5.139834670404177,7.907787417766015,3.68287932764192,0.4325908663113595,0.4325908663113595,0.4325908663113595,0.4325908663113595,7.992934095533478,8.127115109311548,7.858753081755409,5.139834670404177,7.907787417766015,0.0,0.0,0.0,0.0,0.0,0.0
path_04,leave_one_path_id_out,5dd0e5dd878f3300066c7644,5da138754db8ce0c98bca82f|F1,5da138754db8ce0c98bca82f,5dd0e5dd878f3300066c7644,F1,1573964509320,3,5da138754db8ce0c98bca82f|5dd0e5dd878f3300066c7644|F1|1573964509320|3,30,35,2,1,9.59231111255448,4.847378722571201,0.0250215913962213,8.73510961728256,1.545758671829685,1.7989883444408263,0.2532296726111414,7.907787417766015,0.4570946710923938,0.4570946710923938,0.4570946710923938,0.4570946710923938,9.875854393418322,0.0,19.751708786836645,3.68287932764192,15.732729554473933,3.9120077207809785,0.4036537330362414,0.4036537330362414,0.4036537330362414,0.4036537330362414,9.881897015432994,7.858753081755409,11.90504094911058,9.020440812613648,7.91661097739255,-3.995779696985036,0.05344093805615241,0.05344093805615241,0.05344093805615241,0.05344093805615241,0.00604262201467165
path_04,leave_one_path_id_out,5dd0e5dd878f3300066c7644,5da138754db8ce0c98bca82f|F1,5da138754db8ce0c98bca82f,5dd0e5dd878f3300066c7644,F1,1573964519465,4,5da138754db8ce0c98bca82f|5dd0e5dd878f3300066c7644|F1|1573964519465|4,34,43,4,1,10.16901433194611,6.404876617338142,0.0546761677973156,5.086522923594763,1.591047111424508,2.44215413409992,0.851107022675412,8.251936477864241,0.4890843514169562,0.4890843514169562,0.4890843514169562,0.4890843514169562,8.81687349163043,4.866210024238575,12.767536959022284,8.754987413830245,11.03569335710633,4.515604348273768,0.5002671336331499,0.4721639879333304,0.4156015848362653,0.4156015848362653,5.95252047455529,11.90504094911058,0.0,13.134981881421096,1.876434482468644,-3.7363321295904734,-0.011182782216193676,0.0169203634836258,0.07348276658069092,0.07348276658069092,-2.86435301707514
path_04,leave_one_path_id_out,5dd0e5dd878f3300066c7644,5da138754db8ce0c98bca82f|F1,5da138754db8ce0c98bca82f,5dd0e5dd878f3300066c7644,F1,1573964529380,5,5da138754db8ce0c98bca82f|5dd0e5dd878f3300066c7644|F1|1573964529380|5,34,43,6,1,12.74111742320902,0.050449895936454,0.050449895936454,1.8677115798685615,1.3788109779104016,1.3864912364558177,0.0076802585454160965,11.03569335710633,0.4957771775357201,0.4957771775357201,0.4957771775357201,0.4957771775357201,6.383768479511142,12.767536959022284,0.0,8.251936477864241,1.0520243402666511,1.876434482468644,0.5576282927351628,0.521531834629291,0.4732699507580456,0.4732699507580456,6.383768479511142,0.0,12.767536959022284,4.515604348273768,13.17258573025098,-9.159258874637686,-0.0618511151994427,-0.025754657093570887,0.02250722677767447,0.02250722677767447,0.0
path_04,leave_one_path_id_out,5dd0e5dd878f3300066c7644,5da138754db8ce0c98bca82f|F1,5da138754db8ce0c98bca82f,5dd0e5dd878f3300066c7644,F1,1573964546411,6,5da138754db8ce0c98bca82f|5dd0e5dd878f3300066c7644|F1|1573964546411|6,35,34,2,1,0.060114194871095,4.8999018068146025,0.060114194871095,4.165108489594409,1.4719271371098426,1.6952117011766272,0.22328456406678465,4.140234304000984,0.4987262087603438,0.4987262087603438,0.4987262087603438,0.4987262087603438,5.95252047455529,11.90504094911058,0.0,10.61918266269617,2.5070410021694034,1.0520243402666511,0.4870024000814522,0.4870024000814522,0.4870024000814522,0.4870024000814522,8.81687349163043,12.767536959022284,4.866210024238575,11.03569335710633,4.350828042782642,-3.0882099637343328,0.011723808678891612,0.011723808678891612,0.011723808678891612,0.011723808678891612,2.86435301707514
path_04,leave_one_path_id_out,5dd0e5dd878f3300066c7644,5da138754db8ce0c98bca82f|F1,5da138754db8ce0c98bca82f,5dd0e5dd878f3300066c7644,F1,1573964555472,7,5da138754db8ce0c98bca82f|5dd0e5dd878f3300066c7644|F1|1573964555472|7,30,35,3,1,0.0634045688337973,7.830488627113197,0.0634045688337973,5.875348547103743,1.458094590527875,1.7629449624983142,0.3048503719704392,5.889913889968396,0.501171452531697,0.501171452531697,0.501171452531697,0.501171452531697,4.808326112068521,9.616652224137042,0.0,8.593783375076503,1.287845297679557,2.5070410021694034,0.4468962600021354,0.4468962600021354,0.4468962600021354,0.4468962600021354,6.362481552996992,4.866210024238575,7.858753081755409,4.140234304000984,9.053171560570124,-3.3828728877989924,0.054275192529561644,0.054275192529561644,0.054275192529561644,0.054275192529561644,1.5541554409284712
path_04,leave_one_path_id_out,5dd0e5dd878f3300066c7644,5da138754db8ce0c98bca82f|F1,5da138754db8ce0c98bca82f,5dd0e5dd878f3300066c7644,F1,1573964563840,8,5da138754db8ce0c98bca82f|5dd0e5dd878f3300066c7644|F1|1573964563840|8,25,30,3,1,0.0579061741095067,8.11164885365484,0.0579061741095067,7.00022029545287,1.4515587486303634,1.6302217334671962,0.17866298483683285,7.010851195350298,0.4540338958868892,0.4540338958868892,0.4540338958868892,0.4540338958868892,7.988272654335234,15.976545308670469,0.0,13.9731735612448,0.4381186835513785,1.287845297679557,0.4360072857104671,0.4360072857104671,0.4360072857104671,0.4360072857104671,7.992934095533478,7.858753081755409,8.127115109311548,5.889913889968396,7.828649584127228,-5.723005897670742,0.018026610176422098,0.018026610176422098,0.018026610176422098,0.018026610176422098,0.004661441198243743
path_04,leave_one_path_id_out,5dd0e5dd878f3300066c7644,5da138754db8ce0c98bca82f|F1,5da138754db8ce0c98bca82f,5dd0e5dd878f3300066c7644,F1,1573964571524,9,5da138754db8ce0c98bca82f|5dd0e5dd878f3300066c7644|F1|1573964571524|9,22,25,2,1,0.0391154995366202,7.4450149511135315,0.0391154995366202,7.638372361749858,1.6672642882448347,2.2260677368692114,0.5588034486243767,7.6753762878227825,0.260919895910604,0.260919895910604,0.260919895910604,0.260919895910604,11.43480864752215,15.388307249337071,7.48131004570723,14.377884875446156,6.534829985884544,0.4381186835513785,0.3858908530329296,0.3858908530329296,0.3858908530329296,0.3858908530329296,4.063557554655774,8.127115109311548,0.0,7.010851195350298,3.8526579888085006,-7.237257604271404,-0.12497095712232559,-0.12497095712232559,-0.12497095712232559,-0.12497095712232559,-7.371251092866376
path_04,leave_one_path_id_out,5dd0e5dd878f3300066c7644,5da138754db8ce0c98bca82f|F1,5da138754db8ce0c98bca82f,5dd0e5dd878f3300066c7644,F1,1573964582627,10,5da138754db8ce0c98bca82f|5dd0e5dd878f3300066c7644|F1|1573964582627|10,25,25,1,1,9.449067293600145,9.449067293600145,0.0498589910046282,10.270157152354145,1.6090036249232356,1.6090036249232356,0.0,3.8526579888085006,0.4475527380553001,0.4475527380553001,0.4475527380553001,0.4475527380553001,4.063557554655774,0.0,8.127115109311548,0.4381186835513785,5.817634337734796,3.8526579888085006,0.4475527380553001,0.4475527380553001,0.4475527380553001,0.4475527380553001,4.063557554655774,0.0,8.127115109311548,0.4381186835513785,5.817634337734796,0.0,0.0,0.0,0.0,0.0,0.0
path_04,leave_one_path_id_out,5dd0e5dd878f3300066c7644,5da138754db8ce0c98bca82f|F1,5da138754db8ce0c98bca82f,5dd0e5dd878f3300066c7644,F1,1573964595891,11,5da138754db8ce0c98bca82f|5dd0e5dd878f3300066c7644|F1|1573964595891|11,25,30,2,1,0.0579061741095067,8.11164885365484,0.0579061741095067,5.775782962191008,1.3586456894158137,1.7682038219060525,0.40955813249023887,5.817634337734796,0.4264070594178062,0.4264070594178062,0.4264070594178062,0.4264070594178062,4.063557554655774,0.0,8.127115109311548,3.8526579888085006,6.927599628300552,4.320061451295513,0.4268812839443966,0.4268812839443966,0.4268812839443966,0.4268812839443966,4.063557554655774,8.127115109311548,0.0,9.573878599081,4.247156334268743,-1.4975728864392828,-0.0004742245265904055,-0.0004742245265904055,-0.0004742245265904055,-0.0004742245265904055,0.0
path_04,leave_one_path_id_out,5dd0e5dd878f3300066c7644,5da138754db8ce0c98bca82f|F1,5da138754db8ce0c98bca82f,5dd0e5dd878f3300066c7644,F1,1573964604524,12,5da138754db8ce0c98bca82f|5dd0e5dd878f3300066c7644|F1|1573964604524|12,25,30,2,1,3.636179409242612,10.26513529848486,3.636179409242612,10.188427755020616,2.0792059197633965,2.3381403541825905,0.25893443441919395,6.927599628300552,0.4678784571663826,0.4678784571663826,0.4678784571663826,0.4678784571663826,30.244514374451335,8.127115109311548,52.36191363959113,5.817634337734796,52.13972514532392,4.247156334268743,0.4484004196522878,0.4484004196522878,0.4484004196522878,0.4484004196522878,22.174873167619243,0.0,44.349746335238486,4.320061451295513,44.21427567842444,-2.680443294031809,0.019478037514094826,0.019478037514094826,0.019478037514094826,0.019478037514094826,-8.069641206832092
path_04,leave_one_path_id_out,5dd0e5dd878f3300066c7644,5da138754db8ce0c98bca82f|F1,5da138754db8ce0c98bca82f,5dd0e5dd878f3300066c7644,F1,1573964616357,13,5da138754db8ce0c98bca82f|5dd0e5dd878f3300066c7644|F1|1573964616357|13,65,63,7,1,48.80111194572669,44.315007073669165,7.830488627113197,44.176435587866266,2.3594540069557435,2.6715164280474704,0.3120624210917269,6.987208100079399,0.0,0.0,0.0,0.0,25.86993451465848,48.83298065856721,2.906888370749746,50.71469604965126,6.468053305488585,2.644026404401277,0.0,0.0,0.0,0.0,25.60889413435781,44.349746335238486,6.868041933477134,46.045134464621626,6.5615109051574505,-4.343181695678122,0.0,0.0,0.0,0.0,-0.2610403803006669
path_04,leave_one_path_id_out,5dd0e5dd878f3300066c7644,5da138754db8ce0c98bca82f|F1,5da138754db8ce0c98bca82f,5dd0e5dd878f3300066c7644,F1,1573964626260,14,5da138754db8ce0c98bca82f|5dd0e5dd878f3300066c7644|F1|1573964626260|14,64,66,6,1,47.38602551154861,53.03901573918144,9.703712371104976,52.06670197259098,2.1561872439103045,2.824220018953028,0.6680327750427235,7.834142948784971,0.0,0.0,0.0,0.0,20.458104444713683,3.104834939252008,37.81137395017536,5.67495754959755,39.34906788607662,4.961969309145446,0.0,0.0,0.0,0.0,25.106872648047144,6.868041933477134,43.34570336261716,7.876855782065015,44.956088231700704,-2.8721736396395254,0.0,0.0,0.0,0.0,4.648768203333461
path_04,leave_one_path_id_out,5dd0e5dd878f3300066c7644,5da138754db8ce0c98bca82f|F1,5da138754db8ce0c98bca82f,5dd0e5dd878f3300066c7644,F1,1573964637978,15,5da138754db8ce0c98bca82f|5dd0e5dd878f3300066c7644|F1|1573964637978|15,34,35,2,1,4.8999018068146025,0.060114194871095,0.060114194871095,2.1898526148587845,2.050473648737683,2.174570152116065,0.1240965033783823,3.6510762096394456,0.5203236154797387,0.5203236154797387,0.5203236154797387,0.5203236154797387,21.861209939067884,43.72241987813577,0.0,43.07686204952287,2.341799686092046,2.200550690151857,0.4251413051949854,0.4251413051949854,0.4251413051949854,0.4251413051949854,24.105956693427867,43.34570336261716,4.866210024238575,42.15420550541837,3.677178530982595,-1.4505255194875888,0.09518231028475332,0.09518231028475332,0.09518231028475332,0.09518231028475332,2.2447467543599835
path_04,leave_one_path_id_out,5dd0e5dd878f3300066c7644,5da138754db8ce0c98bca82f|F1,5da138754db8ce0c98bca82f,5dd0e5dd878f3300066c7644,F1,1573964647341,16,5da138754db8ce0c98bca82f|5dd0e5dd878f3300066c7644|F1|1573964647341|16,34,34,1,1,0.0250215913962213,0.0250215913962213,0.0250215913962213,2.3168976459526007,1.2110263625087008,1.2110263625087008,0.0,2.341799686092046,0.5852710770917063,0.5852710770917063,0.5852710770917063,0.5852710770917063,4.866210024238575,4.866210024238575,4.866210024238575,3.6510762096394456,5.983768300450208,2.341799686092046,0.5852710770917063,0.5852710770917063,0.5852710770917063,0.5852710770917063,4.866210024238575,4.866210024238575,4.866210024238575,3.6510762096394456,5.983768300450208,0.0,0.0,0.0,0.0,0.0,0.0
path_04,leave_one_path_id_out,5dd0e5dd878f3300066c7644,5da138754db8ce0c98bca82f|F1,5da138754db8ce0c98bca82f,5dd0e5dd878f3300066c7644,F1,1573964661075,17,5da138754db8ce0c98bca82f|5dd0e5dd878f3300066c7644|F1|1573964661075|17,34,35,2,1,12.74111742320902,11.864224255803672,0.050449895936454,7.109465012497537,1.2936517002237307,1.8756809438103437,0.582029243586613,5.983768300450208,0.4889235115993839,0.4889235115993839,0.4889235115993839,0.4889235115993839,5.091659847240395,0.0,10.18331969448079,2.341799686092046,5.965023568758805,5.029992164521561,0.4332647838472693,0.4332647838472693,0.4332647838472693,0.4332647838472693,8.383315092444185,4.866210024238575,11.900420160649794,3.677178530982595,8.038495867295406,-0.9537761359286474,0.05565872775211461,0.05565872775211461,0.05565872775211461,0.05565872775211461,3.29165524520379
path_04,leave_one_path_id_out,5dd0e5dd878f3300066c7644,5da138754db8ce0c98bca82f|F1,5da138754db8ce0c98bca82f,5dd0e5dd878f3300066c7644,F1,1573964670293,18,5da138754db8ce0c98bca82f|5dd0e5dd878f3300066c7644|F1|1573964670293|18,34,40,2,1,10.16901433194611,0.0546761677973156,0.0546761677973156,4.227340530788924,1.3669431757095358,1.9675632635731002,0.6006200878635644,5.965023568758805,0.5085525408346199,0.5085525408346199,0.5085525408346199,0.5085525408346199,4.866210024238575,4.866210024238575,4.866210024238575,5.983768300450208,3.829112329223904,4.237560959470409,0.5385875258165308,0.5315131818919996,0.5640470778840366,0.5640470778840366,11.900420160649794,11.900420160649794,11.900420160649794,7.221057488284453,12.089862505189744,-1.7274626092883958,-0.030034984981910928,-0.022960641057379716,-0.05549453704941676,-0.05549453704941676,7.034210136411219
path_04,leave_one_path_id_out,5dd0e5dd878f3300066c7644,5da138754db8ce0c98bca82f|F1,5da138754db8ce0c98bca82f,5dd0e5dd878f3300066c7644,F1,1573964689829,19,5da138754db8ce0c98bca82f|5dd0e5dd878f3300066c7644|F1|1573964689829|19,35,35,1,1,0.060114194871095,0.060114194871095,0.060114194871095,1.4043350583726286,1.6232011268834425,1.6232011268834425,0.0,1.4059220273796658,0.4923829535491902,0.4923829535491902,0.4923829535491902,0.4923829535491902,11.900420160649794,11.900420160649794,,8.038495867295406,,1.4059220273796658,0.4923829535491902,0.4923829535491902,0.4923829535491902,0.4923829535491902,11.900420160649794,11.900420160649794,,8.038495867295406,,0.0,0.0,0.0,0.0,0.0,0.0
path_05,leave_one_path_id_out,5dd374ae44333f00067aa196,5da1383b4db8ce0c98bc11ab|F1,5da1383b4db8ce0c98bc11ab,5dd374ae44333f00067aa196,F1,1574137911458,0,5da1383b4db8ce0c98bc11ab|5dd374ae44333f00067aa196|F1|1574137911458|0,103,103,1,1,15.151888735421736,15.151888735421736,0.0454780232639879,17.011208196313714,1.621424085280489,1.621424085280489,0.0,4.310281699463654,0.3917127610393386,0.3917127610393386,0.3917127610393386,0.3917127610393386,8.74185335040574,,8.74185335040574,,9.69023651477245,4.310281699463654,0.3917127610393386,0.3917127610393386,0.3917127610393386,0.3917127610393386,8.74185335040574,,8.74185335040574,,9.69023651477245,0.0,0.0,0.0,0.0,0.0,0.0
path_05,leave_one_path_id_out,5dd374ae44333f00067aa196,5da1383b4db8ce0c98bc11ab|F1,5da1383b4db8ce0c98bc11ab,5dd374ae44333f00067aa196,F1,1574137918945,1,5da1383b4db8ce0c98bc11ab|5dd374ae44333f00067aa196|F1|1574137918945|1,110,110,1,1,16.872598179726214,16.872598179726214,0.055797262477651,16.869021237506978,1.869484881966996,1.869484881966996,0.0,2.230422836914457,0.4396155824838566,0.4017040353162205,0.3962038823522272,0.3962038823522272,8.893370704707271,8.74185335040574,9.044888059008802,5.8247676435713736,9.758214565861133,2.230422836914457,0.4396155824838566,0.4017040353162205,0.3962038823522272,0.3962038823522272,8.893370704707271,8.74185335040574,9.044888059008802,5.8247676435713736,9.758214565861133,0.0,0.0,0.0,0.0,0.0,0.0
path_05,leave_one_path_id_out,5dd374ae44333f00067aa196,5da1383b4db8ce0c98bc11ab|F1,5da1383b4db8ce0c98bc11ab,5dd374ae44333f00067aa196,F1,1574137932430,2,5da1383b4db8ce0c98bc11ab|5dd374ae44333f00067aa196|F1|1574137932430|2,130,121,5,1,21.710195713121436,13.54547346909794,0.0366428988482053,15.075823239714964,1.666360639484657,2.088618652645926,0.422258013161269,6.70539510387408,0.4467210925893069,0.4103233698108142,0.2634844336801285,0.2634844336801285,10.6482340421297,15.892765649816887,5.40370243444251,14.602420708914426,6.566172000984698,1.627098581356724,0.3760493480930701,0.30120488192954,0.2612724228513965,0.2612724228513965,7.062621188680508,9.044888059008802,5.080354318352214,7.1975943870308825,2.931490913140856,-5.078296522517356,0.07067174449623681,0.1091184878812742,0.002212010828732014,0.002212010828732014,-3.5856128534491916
path_05,leave_one_path_id_out,5dd374ae44333f00067aa196,5da1383b4db8ce0c98bc11ab|F1,5da1383b4db8ce0c98bc11ab,5dd374ae44333f00067aa196,F1,1574137940432,3,5da1383b4db8ce0c98bc11ab|5dd374ae44333f00067aa196|F1|1574137940432|3,111,122,8,1,9.899146803502802,11.35051335567249,0.0536976470620423,9.192151202235577,1.7322342396214783,2.0330164353028253,0.300782195681347,9.241746614565027,0.4584843144182934,0.3598376562921641,0.3784521936304966,0.3784521936304966,9.949592012483755,9.974467404327918,9.924716620639597,10.151789929252464,6.9175653575553016,2.207038738169753,0.3852332536661514,0.3793479559162862,0.375296316907026,0.375296316907026,2.540177159176107,5.080354318352214,0.0,3.55584071457611,4.047823514662418,-7.034707876395274,0.073251060752142,-0.019510299624122096,0.0031558767234706186,0.0031558767234706186,-7.4094148533076485
path_05,leave_one_path_id_out,5dd374ae44333f00067aa196,5da1383b4db8ce0c98bc11ab|F1,5da1383b4db8ce0c98bc11ab,5dd374ae44333f00067aa196,F1,1574137953482,4,5da1383b4db8ce0c98bc11ab|5dd374ae44333f00067aa196|F1|1574137953482|4,111,122,4,1,0.0142080901249947,9.932572922955307,0.0142080901249947,6.921187779998482,1.876540355897386,2.1360931231052813,0.2595527672078952,6.9175653575553016,0.5218591812430143,0.3673387576563826,0.3696268751210605,0.3696268751210605,10.499957067904171,9.924716620639597,11.075197515168751,9.241746614565027,8.350211229618898,4.047823514662418,0.4175127238994324,0.3775132855850858,0.3587526280458974,0.3587526280458974,9.664884893261789,0.0,19.329769786523578,2.207038738169753,17.57682991434236,-2.869741842892884,0.10434645734358194,-0.010174527928703214,0.010874247075163102,0.010874247075163102,-0.8350721746423826
path_05,leave_one_path_id_out,5dd374ae44333f00067aa196,5da1383b4db8ce0c98bc11ab|F1,5da1383b4db8ce0c98bc11ab,5dd374ae44333f00067aa196,F1,1574137970178,5,5da1383b4db8ce0c98bc11ab|5dd374ae44333f00067aa196|F1|1574137970178|5,103,103,1,1,4.544349964969238,4.544349964969238,4.544349964969238,5.685020766120929,1.0815066350812732,1.0815066350812732,0.0,3.614741664907253,0.5401091883344615,0.5401091883344615,0.5401091883344615,0.5401091883344615,9.664884893261789,19.329769786523578,0.0,17.513382991061697,3.55569190591673,3.614741664907253,0.5401091883344615,0.5401091883344615,0.5401091883344615,0.5401091883344615,9.664884893261789,19.329769786523578,0.0,17.513382991061697,3.55569190591673,0.0,0.0,0.0,0.0,0.0,0.0
path_05,leave_one_path_id_out,5dd374ae44333f00067aa196,5da1383b4db8ce0c98bc11ab|F1,5da1383b4db8ce0c98bc11ab,5dd374ae44333f00067aa196,F1,1574137978915,6,5da1383b4db8ce0c98bc11ab|5dd374ae44333f00067aa196|F1|1574137978915|6,96,103,2,1,7.114645816989074,13.661038946624814,0.0395107732143928,10.482119505699066,1.1429223231259282,1.7007580906553639,0.5578357675294356,4.308399705752639,0.4897107406948113,0.4559251377086727,0.3893911499001874,0.3893911499001874,9.100794500830425,6.780117993073561,11.421471008587284,9.602769268176957,11.957088275499466,3.55569190591673,0.4235849694543196,0.4235849694543196,0.4235849694543196,0.4235849694543196,3.841874542459713,0.0,7.683749084919425,3.614741664907253,5.776525394159189,-0.7527077998359091,0.06612577124049168,0.0323401682543531,-0.0341938195541322,-0.0341938195541322,-5.258919958370711
path_05,leave_one_path_id_out,5dd374ae44333f00067aa196,5da1383b4db8ce0c98bc11ab|F1,5da1383b4db8ce0c98bc11ab,5dd374ae44333f00067aa196,F1,1574138000154,7,5da1383b4db8ce0c98bc11ab|5dd374ae44333f00067aa196|F1|1574138000154|7,103,109,4,1,0.0365529383223854,7.648839396751644,0.0365529383223854,5.742893738614511,1.423686580833741,2.1564825761778716,0.7327959953441305,5.776525394159189,0.4565430981397367,0.4565430981397367,0.4565430981397367,0.4565430981397367,6.824221567329131,0.0,13.648443134658262,3.55569190591673,13.38168598883086,4.959967059641142,0.3546915806861942,0.2977887260329834,0.2860266476471389,0.2860266476471389,10.657298227015218,7.683749084919425,13.630847369111011,10.595691447938387,12.438328368804024,-0.8165583345180476,0.10185151745354248,0.1587543721067533,0.17051645049259778,0.17051645049259778,3.8330766596860872
path_05,leave_one_path_id_out,5dd374ae44333f00067aa196,5da1383b4db8ce0c98bc11ab|F1,5da1383b4db8ce0c98bc11ab,5dd374ae44333f00067aa196,F1,1574138013450,8,5da1383b4db8ce0c98bc11ab|5dd374ae44333f00067aa196|F1|1574138013450|8,110,117,4,1,3.4112710050397625,4.1697744387226745,0.0142080901249947,5.333156652983238,1.617100629420773,1.7141842485207168,0.09708361909994379,4.895302250321739,0.4723298412242664,0.3734075281835941,0.3757076922880992,0.3757076922880992,10.338166558414647,9.960923651951166,10.71540946487813,5.119739204050276,11.365973320551156,1.7737146890934945,0.3920381384920972,0.3431415949473606,0.3378986988761069,0.3378986988761069,9.798710462590762,13.630847369111011,5.966573556070511,9.374706703412064,6.51744178419846,-3.121587561228245,0.08029170273216923,0.0302659332362335,0.03780899341199229,0.03780899341199229,-0.5394560958238852
path_05,leave_one_path_id_out,5dd374ae44333f00067aa196,5da1383b4db8ce0c98bc11ab|F1,5da1383b4db8ce0c98bc11ab,5dd374ae44333f00067aa196,F1,1574138021133,9,5da1383b4db8ce0c98bc11ab|5dd374ae44333f00067aa196|F1|1574138021133|9,126,122,2,1,10.62609212826504,5.985815793889417,0.0325748119871728,6.532905952414588,1.393441964585011,1.7204683091882083,0.32702634460319735,5.061820915779632,0.4031559725655574,0.4005161361442885,0.3344612582785578,0.3344612582785578,8.348106485007985,10.621675950620975,6.074537019394995,11.336180414113606,6.772463224863537,1.0174273319230305,0.4388808094584432,0.3765808835036354,0.3845287618970299,0.3845287618970299,2.9832867780352554,5.966573556070511,0.0,5.954787063263847,0.7650953308823653,-4.044393583856602,-0.0357248368928858,0.023935252640653104,-0.050067503618472065,-0.050067503618472065,-5.36481970697273
path_05,leave_one_path_id_out,5dd374ae44333f00067aa196,5da1383b4db8ce0c98bc11ab|F1,5da1383b4db8ce0c98bc11ab,5dd374ae44333f00067aa196,F1,1574138026929,10,5da1383b4db8ce0c98bc11ab|5dd374ae44333f00067aa196|F1|1574138026929|10,111,122,7,1,9.93480154616084,5.0390746929967,0.0510074661201875,4.308543107575853,1.6251178183791537,1.764866779211058,0.13974896083190425,9.972208402161876,0.4858324601136162,0.336063575722516,0.3259869000203738,0.3259869000203738,11.7623583103198,9.924716620639597,13.600000000000003,10.304785153076727,14.829580907655886,0.7650953308823653,0.4693814237987757,0.3674799335299591,0.3286673889724433,0.3286673889724433,3.0372685096974976,0.0,6.074537019394995,1.0174273319230305,5.686309151010817,-9.20711307127951,0.016451036314840517,-0.03141635780744312,-0.002680488952069515,-0.002680488952069515,-8.725089800622303
path_05,leave_one_path_id_out,5dd374ae44333f00067aa196,5da1383b4db8ce0c98bc11ab|F1,5da1383b4db8ce0c98bc11ab,5dd374ae44333f00067aa196,F1,1574138034771,11,5da1383b4db8ce0c98bc11ab|5dd374ae44333f00067aa196|F1|1574138034771|11,126,126,1,1,6.0927822308203385,6.0927822308203385,0.0418008636274322,5.719985847557186,1.7820933816278084,1.7820933816278084,0.0,2.8548346309238712,0.5088631490439113,0.3942098771463402,0.2917283313333766,0.2917283313333766,6.814172003301749,6.074537019394995,7.553806987208503,6.772463224863537,5.246088353572335,2.8548346309238712,0.5088631490439113,0.3942098771463402,0.2917283313333766,0.2917283313333766,6.814172003301749,6.074537019394995,7.553806987208503,6.772463224863537,5.246088353572335,0.0,0.0,0.0,0.0,0.0,0.0
path_05,leave_one_path_id_out,5dd374ae44333f00067aa196,5da1383b4db8ce0c98bc11ab|F1,5da1383b4db8ce0c98bc11ab,5dd374ae44333f00067aa196,F1,1574138041593,12,5da1383b4db8ce0c98bc11ab|5dd374ae44333f00067aa196|F1|1574138041593|12,140,140,1,1,7.577052391299677,7.577052391299677,0.0361239601926517,5.262061368575459,1.5819808256402932,1.5819808256402932,0.0,2.764141310853756,0.5991464041901555,0.5216860857811111,0.4150453328875579,0.4150453328875579,13.224786854442266,7.553806987208503,18.89576672167603,6.055906046135475,17.058531440608128,2.764141310853756,0.5991464041901555,0.5216860857811111,0.4150453328875579,0.4150453328875579,13.224786854442266,7.553806987208503,18.89576672167603,6.055906046135475,17.058531440608128,0.0,0.0,0.0,0.0,0.0,0.0
path_05,leave_one_path_id_out,5dd374ae44333f00067aa196,5da1383b4db8ce0c98bc11ab|F1,5da1383b4db8ce0c98bc11ab,5dd374ae44333f00067aa196,F1,1574138059900,13,5da1383b4db8ce0c98bc11ab|5dd374ae44333f00067aa196|F1|1574138059900|13,172,172,1,1,12.902408159739002,12.902408159739002,0.0661990974258763,10.938157567634768,1.2319446595090437,1.2319446595090437,0.0,1.966778688447914,0.585129184526208,0.451371784930499,0.4684610807638472,0.4684610807638472,17.698034874598232,18.89576672167603,16.500303027520435,21.372584702202424,14.108266035119474,1.966778688447914,0.585129184526208,0.451371784930499,0.4684610807638472,0.4684610807638472,17.698034874598232,18.89576672167603,16.500303027520435,21.372584702202424,14.108266035119474,0.0,0.0,0.0,0.0,0.0,0.0
path_05,leave_one_path_id_out,5dd374ae44333f00067aa196,5da1383b4db8ce0c98bc11ab|F1,5da1383b4db8ce0c98bc11ab,5dd374ae44333f00067aa196,F1,1574138071050,14,5da1383b4db8ce0c98bc11ab|5dd374ae44333f00067aa196|F1|1574138071050|14,198,206,2,1,9.943020235934348,16.83704806111214,0.0453587058898463,13.98474202397046,1.8922382019766264,1.9331825945890309,0.04094439261240446,4.07729141926364,0.4944374921489588,0.4446325091693763,0.4299810142890902,0.4299810142890902,5.119570294468083,10.239140588936166,0.0,12.03189689173366,1.8484818025469536,2.9709553182417365,0.4793133193267002,0.4448164561582015,0.4549069247798862,0.4549069247798862,11.69761434894786,16.500303027520435,6.894925670375283,18.41700552709972,7.128656086571607,-1.106336101021903,0.015124172822258641,-0.0001839469888251788,-0.02492591049079601,-0.02492591049079601,6.578044054479777
path_05,leave_one_path_id_out,5dd374ae44333f00067aa196,5da1383b4db8ce0c98bc11ab|F1,5da1383b4db8ce0c98bc11ab,5dd374ae44333f00067aa196,F1,1574138079334,15,5da1383b4db8ce0c98bc11ab|5dd374ae44333f00067aa196|F1|1574138079334|15,198,198,1,1,3.930583536588412,3.930583536588412,0.0253956315141023,5.759424376268946,1.935966571360558,1.935966571360558,0.0,1.8484818025469536,0.4751772723885459,0.4199229910533544,0.3734754746991832,0.3734754746991832,10.391705054465428,6.894925670375283,13.888484438555572,4.07729141926364,10.986068592733789,1.8484818025469536,0.4751772723885459,0.4199229910533544,0.3734754746991832,0.3734754746991832,10.391705054465428,6.894925670375283,13.888484438555572,4.07729141926364,10.986068592733789,0.0,0.0,0.0,0.0,0.0,0.0
path_05,leave_one_path_id_out,5dd374ae44333f00067aa196,5da1383b4db8ce0c98bc11ab|F1,5da1383b4db8ce0c98bc11ab,5dd374ae44333f00067aa196,F1,1574138088764,16,5da1383b4db8ce0c98bc11ab|5dd374ae44333f00067aa196|F1|1574138088764|16,216,214,3,1,5.368709189600396,7.929398991253984,0.0649489222389365,6.103884283317745,1.954700957222889,2.2924472150865967,0.3377462578637076,5.662398116666338,0.5810779444088865,0.5265192054903648,0.5401066601387475,0.5401066601387475,8.00015624847415,16.0003124969483,0.0,16.709369434221237,2.8409016562227154,3.152472508385367,0.5625325064574426,0.425042234142323,0.3184211023477484,0.3184211023477484,9.398829761004496,13.888484438555572,4.90917508345342,14.088576208860442,3.831127133045912,-2.5099256082809713,0.01854543795144392,0.10147697134804179,0.22168555779099913,0.22168555779099913,1.3986735125303458
path_05,leave_one_path_id_out,5dd374ae44333f00067aa196,5da1383b4db8ce0c98bc11ab|F1,5da1383b4db8ce0c98bc11ab,5dd374ae44333f00067aa196,F1,1574138096568,17,5da1383b4db8ce0c98bc11ab|5dd374ae44333f00067aa196|F1|1574138096568|17,213,216,3,1,8.579732080898548,5.3190546697698124,0.0047518417482196,8.01709674015251,1.8052806127778118,2.0800968440860945,0.2748162313082827,4.088252643973147,0.5444976344939424,0.3200024585793927,0.2850710404447998,0.2850710404447998,6.590477239896801,7.877182237323174,5.303772242470427,6.069367918446514,7.531659646122754,2.8409016562227154,0.5383386294808892,0.5286776649831206,0.523711497263271,0.523711497263271,2.45458754172671,4.90917508345342,0.0,5.662398116666338,2.255374383133923,-1.2473509877504312,0.00615900501305322,-0.20867520640372794,-0.23864045681847124,-0.23864045681847124,-4.135889698170091
path_05,leave_one_path_id_out,5dd374ae44333f00067aa196,5da1383b4db8ce0c98bc11ab|F1,5da1383b4db8ce0c98bc11ab,5dd374ae44333f00067aa196,F1,1574138101613,18,5da1383b4db8ce0c98bc11ab|5dd374ae44333f00067aa196|F1|1574138101613|18,216,216,1,1,11.271867889134455,11.271867889134455,0.0446957503572778,10.8120601672191,1.8180914638064134,1.8180914638064134,0.0,2.255374383133923,0.4709581740473285,0.4553949860153769,0.4375219179154657,0.4375219179154657,5.742821606144495,0.0,11.48564321228899,2.8409016562227154,9.824786412521451,2.255374383133923,0.4709581740473285,0.4553949860153769,0.4375219179154657,0.4375219179154657,5.742821606144495,0.0,11.48564321228899,2.8409016562227154,9.824786412521451,0.0,0.0,0.0,0.0,0.0,0.0
path_05,leave_one_path_id_out,5dd374ae44333f00067aa196,5da1383b4db8ce0c98bc11ab|F1,5da1383b4db8ce0c98bc11ab,5dd374ae44333f00067aa196,F1,1574138105273,19,5da1383b4db8ce0c98bc11ab|5dd374ae44333f00067aa196|F1|1574138105273|19,228,233,5,1,3.639635276013229,5.28836391924761,0.0211882609007774,8.103146156988997,1.7853598513261013,2.004943200948507,0.21958334962240578,6.866821279759982,0.4473775737384521,0.4473775737384521,0.4473775737384521,0.4473775737384521,8.038986125342738,11.227199116431509,4.850773134253971,10.767978880997656,6.266428494512461,2.877344320680629,0.4660156304132333,0.3824131604655161,0.423725409364944,0.423725409364944,5.742821606144495,11.48564321228899,0.0,10.113650031145,1.8281063371833477,-3.989476959079353,-0.01863805667478119,0.064964413272936,0.02365216437350809,0.02365216437350809,-2.2961645191982436
path_05,leave_one_path_id_out,5dd374ae44333f00067aa196,5da1383b4db8ce0c98bc11ab|F1,5da1383b4db8ce0c98bc11ab,5dd374ae44333f00067aa196,F1,1574138115536,20,5da1383b4db8ce0c98bc11ab|5dd374ae44333f00067aa196|F1|1574138115536|20,233,233,1,1,0.0464917562584954,0.0464917562584954,0.0464917562584954,1.8582025981548584,1.687353093530908,1.687353093530908,0.0,1.8281063371833477,0.5110038712283668,0.4536506708038949,0.4498483575840823,0.4498483575840823,3.5146123541579968,0.0,7.0292247083159936,2.877344320680629,4.122398489718625,1.8281063371833477,0.5110038712283668,0.4536506708038949,0.4498483575840823,0.4498483575840823,3.5146123541579968,0.0,7.0292247083159936,2.877344320680629,4.122398489718625,0.0,0.0,0.0,0.0,0.0,0.0
path_05,leave_one_path_id_out,5dd374ae44333f00067aa196,5da1383b4db8ce0c98bc11ab|F1,5da1383b4db8ce0c98bc11ab,5dd374ae44333f00067aa196,F1,1574138120492,21,5da1383b4db8ce0c98bc11ab|5dd374ae44333f00067aa196|F1|1574138120492|21,236,236,1,1,5.792031099105047,5.792031099105047,0.0493989169921872,4.012595289590868,1.6144760741819306,1.6144760741819306,0.0,2.9157540325035307,0.5085281471040146,0.445297491470431,0.441987277843329,0.441987277843329,9.702705760046442,7.0292247083159936,12.376186811776888,6.858800613907098,11.835679178055733,2.9157540325035307,0.5085281471040146,0.445297491470431,0.441987277843329,0.441987277843329,9.702705760046442,7.0292247083159936,12.376186811776888,6.858800613907098,11.835679178055733,0.0,0.0,0.0,0.0,0.0,0.0
path_05,leave_one_path_id_out,5dd374ae44333f00067aa196,5da1383b4db8ce0c98bc11ab|F1,5da1383b4db8ce0c98bc11ab,5dd374ae44333f00067aa196,F1,1574138136331,22,5da1383b4db8ce0c98bc11ab|5dd374ae44333f00067aa196|F1|1574138136331|22,221,221,1,1,6.75585324193028,6.75585324193028,0.0277673639368197,7.348916931817789,1.1497166997843546,1.1497166997843546,0.0,0.5934176664109162,0.4493393580232554,0.4493393580232554,0.4493393580232554,0.4493393580232554,9.556327364508295,12.376186811776888,6.736467917239703,9.984473148127655,5.477749372853721,0.5934176664109162,0.4493393580232554,0.4493393580232554,0.4493393580232554,0.4493393580232554,9.556327364508295,12.376186811776888,6.736467917239703,9.984473148127655,5.477749372853721,0.0,0.0,0.0,0.0,0.0,0.0
path_05,leave_one_path_id_out,5dd374ae44333f00067aa196,5da1383b4db8ce0c98bc11ab|F1,5da1383b4db8ce0c98bc11ab,5dd374ae44333f00067aa196,F1,1574138148585,23,5da1383b4db8ce0c98bc11ab|5dd374ae44333f00067aa196|F1|1574138148585|23,214,214,1,1,14.644876322198837,14.644876322198837,0.0490152272258361,15.977154138333422,1.8568693839245014,1.8568693839245014,0.0,1.9984167892650664,0.4307350555275863,0.4027476007810913,0.3177032118361377,0.3177032118361377,10.312476177897638,6.736467917239703,13.888484438555572,7.329587214083943,11.630405687533298,1.9984167892650664,0.4307350555275863,0.4027476007810913,0.3177032118361377,0.3177032118361377,10.312476177897638,6.736467917239703,13.888484438555572,7.329587214083943,11.630405687533298,0.0,0.0,0.0,0.0,0.0,0.0
path_05,leave_one_path_id_out,5dd374ae44333f00067aa196,5da1383b4db8ce0c98bc11ab|F1,5da1383b4db8ce0c98bc11ab,5dd374ae44333f00067aa196,F1,1574138154778,24,5da1383b4db8ce0c98bc11ab|5dd374ae44333f00067aa196|F1|1574138154778|24,198,198,1,1,9.46335646656618,9.46335646656618,0.0585970417342072,10.509026718166291,1.8289313443448756,1.8289313443448756,0.0,2.4169138451169827,0.4069390939142463,0.3694467264326158,0.3278348190896114,0.3278348190896114,9.807806431933052,13.888484438555572,5.727128425310534,14.793160545762712,6.990584928767894,2.4169138451169827,0.4069390939142463,0.3694467264326158,0.3278348190896114,0.3278348190896114,9.807806431933052,13.888484438555572,5.727128425310534,14.793160545762712,6.990584928767894,0.0,0.0,0.0,0.0,0.0,0.0
path_05,leave_one_path_id_out,5dd374ae44333f00067aa196,5da1383b4db8ce0c98bc11ab|F1,5da1383b4db8ce0c98bc11ab,5dd374ae44333f00067aa196,F1,1574138160909,25,5da1383b4db8ce0c98bc11ab|5dd374ae44333f00067aa196|F1|1574138160909|25,172,186,3,1,6.027740348555159,9.987816463551985,0.0525519704673354,8.732571162249265,1.700184953145027,1.8666701751879922,0.16648522204296512,3.819362852021223,0.3867444506289204,0.3272761084813307,0.340790794699942,0.340790794699942,9.61178578351132,10.239140588936166,8.984430978086474,11.98689754539042,9.602367139250257,1.2711815601003489,0.4127081986019574,0.3931668998875131,0.3462753911196565,0.3462753911196565,9.670178642751925,5.727128425310534,13.613228860193315,7.228750535056221,14.05425826791792,-2.5481812919208737,-0.02596374797303702,-0.06589079140618237,-0.005484596419714494,-0.005484596419714494,0.05839285924060533
path_05,leave_one_path_id_out,5dd374ae44333f00067aa196,5da1383b4db8ce0c98bc11ab|F1,5da1383b4db8ce0c98bc11ab,5dd374ae44333f00067aa196,F1,1574138172885,26,5da1383b4db8ce0c98bc11ab|5dd374ae44333f00067aa196|F1|1574138172885|26,150,160,4,1,5.727912715300391,10.585820803041187,0.0435668922462882,9.901019302440844,1.891632840733767,2.105744230660538,0.2141113899267708,6.203571617387422,0.4967268568069378,0.4465059161580764,0.3430748746747908,0.3430748746747908,12.722371550090031,19.758795509848262,5.6859475903318,18.609451170455323,8.099793583008568,1.399461776145949,0.507265085231072,0.466498853587503,0.2988578839323096,0.2988578839323096,12.08392435088016,13.613228860193315,10.554619841567009,12.440170476409754,12.735933662235974,-4.804109841241473,-0.010538228424134266,-0.019992937429426594,0.0442169907424812,0.0442169907424812,-0.638447199209871
path_05,leave_one_path_id_out,5dd374ae44333f00067aa196,5da1383b4db8ce0c98bc11ab|F1,5da1383b4db8ce0c98bc11ab,5dd374ae44333f00067aa196,F1,1574138184271,27,5da1383b4db8ce0c98bc11ab|5dd374ae44333f00067aa196|F1|1574138184271|27,130,144,2,1,8.15670924831821,12.838983829010758,0.0510074661201875,10.743110568655608,1.758592703415481,1.8736620242171604,0.11506932080167953,3.776028973583638,0.4291448985498055,0.389074414325683,0.2587170075514465,0.2587170075514465,10.44539691670544,15.487091398968367,5.40370243444251,14.903173208412271,4.3493434350734335,2.4139595965787928,0.4242823772161848,0.4088252929337407,0.225888362206941,0.225888362206941,10.506315562394532,10.554619841567009,10.458011283222058,9.873667868442928,9.192549001757593,-1.362069377004845,0.004862521333620695,-0.019750878608057687,0.0328286453445055,0.0328286453445055,0.06091864568909244
path_05,leave_one_path_id_out,5dd374ae44333f00067aa196,5da1383b4db8ce0c98bc11ab|F1,5da1383b4db8ce0c98bc11ab,5dd374ae44333f00067aa196,F1,1574138190693,28,5da1383b4db8ce0c98bc11ab|5dd374ae44333f00067aa196|F1|1574138190693|28,117,122,5,1,8.330348218249943,11.35051335567249,0.0536976470620423,10.679441089948526,1.7925900085080089,1.9714161648447228,0.17882615633671395,7.742548082412779,0.4795812683817196,0.3357688228594842,0.2713454831539197,0.2713454831539197,13.506721088190998,16.39176622576102,10.621675950620975,14.82756970996223,9.091542211415089,3.0181512945261635,0.4079661464923784,0.3624813838039846,0.2857371535554808,0.2857371535554808,8.266274151308526,10.458011283222058,6.074537019394995,9.06121688957034,4.312765667903282,-4.724396787886615,0.07161512188934122,-0.02671256094450042,-0.014391670401561085,-0.014391670401561085,-5.240446936882472
path_05,leave_one_path_id_out,5dd374ae44333f00067aa196,5da1383b4db8ce0c98bc11ab|F1,5da1383b4db8ce0c98bc11ab,5dd374ae44333f00067aa196,F1,1574138199979,29,5da1383b4db8ce0c98bc11ab|5dd374ae44333f00067aa196|F1|1574138199979|29,126,126,1,1,13.161107386242245,13.161107386242245,0.0589544926192935,11.433336157764742,1.8840494200474491,1.8840494200474491,0.0,1.7618884735577591,0.4339460740264387,0.3552469641399045,0.2605684779256771,0.2605684779256771,6.074537019394995,6.074537019394995,6.074537019394995,8.061673017252781,5.95850065345596,1.7618884735577591,0.4339460740264387,0.3552469641399045,0.2605684779256771,0.2605684779256771,6.074537019394995,6.074537019394995,6.074537019394995,8.061673017252781,5.95850065345596,0.0,0.0,0.0,0.0,0.0,0.0
path_05,leave_one_path_id_out,5dd374ae44333f00067aa196,5da1383b4db8ce0c98bc11ab|F1,5da1383b4db8ce0c98bc11ab,5dd374ae44333f00067aa196,F1,1574138208159,30,5da1383b4db8ce0c98bc11ab|5dd374ae44333f00067aa196|F1|1574138208159|30,111,122,4,1,4.1313389982396655,5.985815793889417,0.0325748119871728,5.271470709761412,2.0732540856604404,2.2052593798513125,0.13200529419087204,7.66742393858311,0.6230119277329322,0.3987036095896736,0.3491986249671814,0.3491986249671814,13.600000000000003,13.600000000000003,,12.327865133583767,,4.67516667387634,0.4770539019171586,0.3897993389809467,0.3162894760120752,0.3162894760120752,6.074537019394995,6.074537019394995,,4.312765667903282,,-2.99225726470677,0.14595802581577366,0.008904270608726894,0.032909148955106216,0.032909148955106216,-7.525462980605008
