site_id,path_id,floor,timestamp,point_index,group_id,rank,candidate_index,pred_x,pred_y,candidate_x,candidate_y,pred_to_candidate_m,dx_pred_to_candidate,dy_pred_to_candidate,abs_dx_pred_to_candidate,abs_dy_pred_to_candidate,rank_norm,is_rank1,gt_x,gt_y,label_distance_m,label_log1p_distance_m,label_hit3,label_hit5,label_is_gt_nearest,label_is_group_best,group_oracle_distance_at_topk,group_gt_nearest_rank,group_raw_pred_error_m,group_rank1_candidate_error_m,group_rank1_minus_oracle_m,candidate_wifi_source_count,candidate_wifi_best_source_score,candidate_wifi_top3_source_score_mean,candidate_wifi_top3_source_score_max,candidate_wifi_top5_source_score_mean,candidate_wifi_source_score_std,candidate_wifi_source_score_p90,candidate_wifi_best_source_l1,candidate_wifi_top3_source_l1_mean,candidate_wifi_best_source_cosine,candidate_wifi_top3_source_cosine_mean,candidate_wifi_best_common_bssid_count,candidate_wifi_top3_common_bssid_mean,source_wifi_validation_visible_bssid_count,source_wifi_has_common_bssid,wifi_common_bssid_count,wifi_union_bssid_count,wifi_jaccard_similarity,wifi_rssi_l1_distance_on_common,wifi_rssi_l2_distance_on_common,wifi_cosine_similarity,wifi_weighted_overlap_score,candidate_wifi_visible_bssid_count,validation_wifi_visible_bssid_count,wifi_has_common_bssid,same_floor_wifi_neighbor_count_top10,same_floor_wifi_neighbor_count_top20,same_floor_wifi_neighbor_count_top50,candidate_wifi_knn_rank_within_point,candidate_wifi_knn_score,source_wifi_best_score_rank_within_point,source_wifi_top3_score_rank_within_point,source_wifi_best_l1_rank_within_point,source_wifi_best_cosine_rank_within_point,raw_pred_step_from_prev_m,raw_pred_step_to_next_m,timestamp_norm_in_path,point_index_norm_in_path,candidate_step_from_prev_rank1_m,candidate_step_to_next_rank1_m,candidate_distance_to_prev_raw_pred_m,candidate_distance_to_next_raw_pred_m,candidate_temporal_smoothness_rank1_m,local_waypoint_count_3m,local_waypoint_count_5m,local_waypoint_count_10m,local_waypoint_nearest_dist_m,local_waypoint_mean_dist_5nn_m,local_waypoint_mean_dist_10nn_m,candidate_is_sparse_area,candidate_density_rank_within_group,predicted_score,fold,heldout_key,transition_alpha,transition_error_from_prev_m,calibration_paths
5da138274db8ce0c98bbd3d2,5dc65d451cda3700060305be,F1,1573277678757,0,5da138274db8ce0c98bbd3d2|5dc65d451cda3700060305be|F1|1573277678757|0,3,156,183.4384576682836,87.22601272005348,180.5,90.1,4.1102720534764,-2.938457668283604,2.873987279946519,2.938457668283604,2.873987279946519,0.0408163265306122,0,180.49171,90.1197,0.0213732098665552,0.0211480060510776,1,1,1,1,0.0213732098665552,3,4.129981585268762,4.917676566641991,4.896303356775436,4,0.4482762673231435,0.3888890243195518,0.4482762673231435,0.3716111495716938,0.0504128751189831,0.4291807003386985,3.189189189189189,3.5070594788336726,0.8892512541646095,0.8302851920011346,37,30.666666666666668,42,1,40,81,0.4938271604938271,3.925,5.45664732230332,0.8121968499395263,0.3335142451123875,79,42,1,2,2,4,10,0.3335142451123875,3,4,1,3,,3.52997909485291,0.0,0.0,,6.5115282384398725,,6.997351357635263,6.5115282384398725,0,4,11,3.255764119219943,4.180310983595187,5.876606903491869,0,10,1.5266431715579085,path_01,5dc65d451cda3700060305be,4.0,,5dce63105516ad00065f0280|5dce818894e4900006125129|5dd0e5dd878f3300066c7644|5dd374ae44333f00067aa196
5da138274db8ce0c98bbd3d2,5dc65d451cda3700060305be,F1,1573277688965,1,5da138274db8ce0c98bbd3d2|5dc65d451cda3700060305be|F1|1573277688965|1,1,159,183.32415405532183,83.69788473283951,181.7,83.7,1.6241554327629897,-1.6241540553218383,0.0021152671604909,1.6241540553218383,0.0021152671604909,0.0,1,181.69858,83.7436,0.0436231177244337,0.0426984259366136,1,1,1,1,0.0436231177244337,1,1.6262167429303604,0.0436231177244337,0.0,3,0.5078402341990691,0.437421843183339,0.5078402341990691,0.437421843183339,0.0564578577871033,0.4932329136202245,3.4545454545454546,3.583261183261183,0.9134061410581994,0.8649021667284575,35,30.666666666666668,38,1,37,61,0.6065573770491803,3.5945945945945947,4.22668485516307,0.8652204588141201,0.423409530541845,60,38,1,3,3,3,1,0.423409530541845,2,2,4,2,3.52997909485291,,1.0,1.0,6.103277807866851,,3.93128487474426,,6.103277807866851,0,2,11,3.807886552931952,5.407526685898951,6.959871848493916,0,31,1.5731525024845507,path_01,5dc65d451cda3700060305be,4.0,1.2303248486805691,5dce63105516ad00065f0280|5dce818894e4900006125129|5dd0e5dd878f3300066c7644|5dd374ae44333f00067aa196
5da138364db8ce0c98bc00f1,5dce63105516ad00065f0280,F3,1573805791439,0,5da138364db8ce0c98bc00f1|5dce63105516ad00065f0280|F3|1573805791439|0,6,15,61.30271881562793,77.46341663057405,60.9,82.8,5.351757141658655,-0.402718815627928,5.336583369425952,0.402718815627928,5.336583369425952,0.1041666666666666,0,66.04587,78.892914,6.461060212402907,2.0096975237426866,0,0,0,0,0.4191174874614517,4,4.953881900793142,4.1622994448136525,3.743181957352201,2,0.5993302125957763,0.5184872694001006,0.5993302125957763,0.5184872694001006,0.0808429431956757,0.5831616239566412,3.156626506024097,4.271646586345382,0.9273631851844112,0.9230536314657956,83,79.0,90,1,85,105,0.8095238095238095,3.247058823529412,4.712935890279259,0.9297133045758316,0.5850751514288399,100,90,1,2,2,2,1,0.5850751514288399,1,1,1,1,,3.551550162087312,0.0,0.0,,8.5158675424175,,8.521066336236942,8.5158675424175,1,2,11,0.5385164807134488,4.486744691751157,6.130773032762951,0,27,0.9073636799465479,path_02,5dce63105516ad00065f0280,4.0,,5dc65d451cda3700060305be|5dce818894e4900006125129|5dd0e5dd878f3300066c7644|5dd374ae44333f00067aa196
5da138364db8ce0c98bc00f1,5dce63105516ad00065f0280,F3,1573805799890,1,5da138364db8ce0c98bc00f1|5dce63105516ad00065f0280|F3|1573805799890|1,13,6,59.52067442498896,74.39131208423865,54.1,83.3,10.428251608115412,-5.42067442498896,8.908687915761348,5.42067442498896,8.908687915761348,0.25,0,58.365864,79.39601,5.782623417325042,1.9143639618210828,0,0,0,0,0.0343683953073137,7,5.136203690050584,6.359051972314423,6.324683577007109,1,0.4722456760702005,0.4722456760702005,0.4722456760702005,0.4722456760702005,0.0,0.4722456760702005,4.841463414634147,4.841463414634147,0.8909938913803135,0.8909938913803135,82,82.0,95,1,82,107,0.7663551401869159,4.841463414634147,6.413590752570936,0.8909938916923433,0.4722456760702005,94,95,1,1,1,1,3,0.4722456760702005,3,3,3,5,3.551550162087312,2.6928803548907494,0.4425534143276078,0.5,12.151131634543344,12.101652779682606,9.270645272323828,12.972386983344018,12.126392207112977,0,4,11,3.623534186398684,4.36484420216784,5.620206341501022,0,10,1.898047932712662,path_02,5dce63105516ad00065f0280,4.0,0.4559741793832164,5dc65d451cda3700060305be|5dce818894e4900006125129|5dd0e5dd878f3300066c7644|5dd374ae44333f00067aa196
5da138364db8ce0c98bc00f1,5dce63105516ad00065f0280,F3,1573805810535,2,5da138364db8ce0c98bc00f1|5dce63105516ad00065f0280|F3|1573805810535|2,5,9,61.66406161664689,72.761129287006,56.0,76.7,6.899006920626654,-5.66406161664689,3.938870712994003,5.66406161664689,3.938870712994003,0.0833333333333333,0,60.90557,72.4212,6.509435187856163,2.016160254939279,0,0,0,0,2.420761133383471,1,0.8311807581314821,2.420761133383471,0.0,4,0.3424275457263051,0.3257639808491505,0.3424275457263051,0.2998522879145762,0.0463169848508153,0.3371288927129611,5.608695652173913,5.7871132943143815,0.811395312616884,0.8041347891819625,69,66.0,89,1,76,136,0.5588235294117647,7.657894736842105,10.194167579139505,0.8029970671948548,0.2598343362967385,123,89,1,0,2,4,12,0.2598343362967385,8,8,8,11,2.6928803548907494,,1.0,1.0,6.706713054842882,,4.210129249696957,,6.706713054842882,2,3,14,0.2999999999999971,3.708047744890489,5.404038402467259,0,17,1.8462795095048905,path_02,5dce63105516ad00065f0280,4.0,0.551708819550136,5dc65d451cda3700060305be|5dce818894e4900006125129|5dd0e5dd878f3300066c7644|5dd374ae44333f00067aa196
5d27099f03f801723c32511d,5dce818894e4900006125129,F3,1573814364226,0,5d27099f03f801723c32511d|5dce818894e4900006125129|F3|1573814364226|0,10,6,19.20994060622131,49.78553805351244,11.2,55.7,9.956907583765275,-8.00994060622131,5.914461946487563,8.00994060622131,5.914461946487563,0.2142857142857142,0,11.184125,55.73896,0.0420701464817946,0.0412092601457647,1,1,1,1,0.0420701464817946,10,9.992844891120107,14.29749799430743,14.255427847825636,3,0.4992071573117711,0.3096703626927655,0.4992071573117711,0.3096703626927655,0.2207955345433483,0.485326512002722,3.62,3.947096774193549,0.9184911284236732,0.5882950690560143,124,74.66666666666667,137,1,129,169,0.7633136094674556,3.984496124031008,5.153458987406781,0.9177335322817692,0.5124583072610785,161,137,1,1,2,2,2,0.5124583072610785,6,13,1,9,,0.2193033384222117,0.0,0.0,,14.261135999632009,,10.137055947394916,14.261135999632009,1,1,4,1.9849433241279235,7.708593407038849,10.387442300211143,0,22,1.4401178371312742,path_03,5dce818894e4900006125129,4.0,,5dc65d451cda3700060305be|5dce63105516ad00065f0280|5dd0e5dd878f3300066c7644|5dd374ae44333f00067aa196
5d27099f03f801723c32511d,5dce818894e4900006125129,F3,1573814369722,1,5d27099f03f801723c32511d|5dce818894e4900006125129|F3|1573814369722|1,6,17,19.429186228318866,49.78050700648597,12.7,54.4,8.162209432042374,-6.729186228318866,4.619492993514029,6.729186228318866,4.619492993514029,0.119047619047619,0,12.674731,54.39854,0.0253111430204167,0.0249961206933873,1,1,1,1,0.0253111430204167,6,8.182230390336622,12.299361977515783,12.274050834495366,3,0.4648880457222427,0.2787982545252798,0.4648880457222427,0.2787982545252798,0.2007923772513703,0.4462117801485135,4.762295081967213,5.936232286746319,0.9237592802066938,0.5958849168663002,122,80.0,135,1,129,174,0.7413793103448276,6.023255813953488,7.580574930641459,0.921494964827152,0.4059324647293065,168,135,1,0,1,2,5,0.4059324647293065,9,17,7,6,0.2193033384222117,29.37603825391116,0.2746763956219701,0.5,12.280065146407,19.226284092356487,7.979510370449482,23.929578422785656,15.753174619381744,1,1,4,1.9849433241279235,7.613134226381897,9.71855658277657,0,21,1.6987789601398418,path_03,5dce818894e4900006125129,4.0,0.64080783866923,5dc65d451cda3700060305be|5dce63105516ad00065f0280|5dd0e5dd878f3300066c7644|5dd374ae44333f00067aa196
5d27099f03f801723c32511d,5dce818894e4900006125129,F3,1573814384235,2,5d27099f03f801723c32511d|5dce818894e4900006125129|F3|1573814384235|2,21,31,12.504764215862313,78.32878196818302,22.3,55.7,24.657826697225698,9.795235784137688,-22.62878196818302,9.795235784137688,22.62878196818302,0.4761904761904761,0,23.891392,55.40362,1.6187555720565103,0.9626992324403232,1,1,0,0,0.0093382045383448,22,25.5972331231702,22.51240433188033,22.50306612734198,5,0.0,0.0,0.0,0.0,0.0,0.0,,,0.0,0.0,0,0.0,0,0,0,186,0.0,,,0.0,0.0,186,0,0,0,0,0,21,0.0,21,21,21,21,29.37603825391116,,1.0,1.0,8.702298546935749,,6.578903328970247,,8.702298546935749,1,1,5,1.6278820596099697,7.361084508103815,9.8881435340891,0,16,3.915993215775676,path_03,5dce818894e4900006125129,4.0,2.3716614896349895,5dc65d451cda3700060305be|5dce63105516ad00065f0280|5dd0e5dd878f3300066c7644|5dd374ae44333f00067aa196
5da138754db8ce0c98bca82f,5dd0e5dd878f3300066c7644,F1,1573964482225,0,5da138754db8ce0c98bca82f|5dd0e5dd878f3300066c7644|F1|1573964482225|0,5,21,117.0906056589334,52.46269795901457,106.7,51.9,10.405830815102552,-10.390605658933396,-0.5626979590145709,10.390605658933396,0.5626979590145709,0.0816326530612244,0,106.73607,51.865578,0.0498589910046282,0.0486558608698411,1,1,1,1,0.0498589910046282,5,10.371738569669835,9.449067293600145,9.399208302595516,1,0.3239861100391443,0.3239861100391443,0.3239861100391443,0.3239861100391443,0.0,0.3239861100391443,6.009615384615385,6.009615384615385,0.8125346513171054,0.8125346513171054,104,104.0,133,1,104,176,0.5909090909090909,6.009615384615385,7.280770246657656,0.8125346516241883,0.3239861100391443,147,133,1,1,1,1,2,0.3239861100391443,2,2,4,4,,2.9284351537681714,0.0,0.0,,9.489467845985876,,12.962535871989012,9.489467845985876,0,1,4,4.81040538832228,8.141842882746133,11.177942447795363,0,32,1.861966941717974,path_04,5dd0e5dd878f3300066c7644,4.0,,5dc65d451cda3700060305be|5dce63105516ad00065f0280|5dce818894e4900006125129|5dd374ae44333f00067aa196
5da138754db8ce0c98bca82f,5dd0e5dd878f3300066c7644,F1,1573964491311,1,5da138754db8ce0c98bca82f|5dd0e5dd878f3300066c7644|F1|1573964491311|1,1,25,119.63175801355946,51.00726772695134,116.1,50.6,3.555162678100347,-3.531758013559468,-0.4072677269513391,3.531758013559468,0.4072677269513391,0.0,1,113.53489,48.02279,3.636179409242612,1.5338906238750911,0,1,1,1,3.636179409242612,1,6.788144582832123,3.636179409242612,0.0,1,0.4042402214709529,0.4042402214709529,0.4042402214709529,0.4042402214709529,0.0,0.4042402214709529,4.663793103448276,4.663793103448276,0.8727039128248331,0.8727039128248331,116,116.0,149,1,116,180,0.6444444444444445,4.663793103448276,5.577819373690514,0.87270391290886,0.4042402214709529,147,149,1,1,1,1,1,0.4042402214709529,1,1,1,1,2.9284351537681714,4.770610302100344,0.0437660160690545,0.0526315789473684,0.0,8.127115109311548,2.1097258727208903,8.325434895994858,4.063557554655774,0,0,4,7.48131004570723,9.569208260834989,12.97509366236864,1,46,1.7837331866882227,path_04,5dd0e5dd878f3300066c7644,4.0,2.383293681270568,5dc65d451cda3700060305be|5dce63105516ad00065f0280|5dce818894e4900006125129|5dd374ae44333f00067aa196
5da138754db8ce0c98bca82f,5dd0e5dd878f3300066c7644,F1,1573964500428,2,5da138754db8ce0c98bca82f|5dd0e5dd878f3300066c7644|F1|1573964500428|2,1,30,124.36021924978476,51.64002122715552,123.8,48.0,3.68287932764192,-0.5602192497847653,-3.640021227155522,0.5602192497847653,3.640021227155522,0.0,1,121.468,44.481556,4.221098456697733,1.6527078120743464,0,1,0,0,0.0369348228099155,2,7.720657782677607,4.221098456697733,4.184163633887818,1,0.4325908663113595,0.4325908663113595,0.4325908663113595,0.4325908663113595,0.0,0.4325908663113595,4.666666666666667,4.666666666666667,0.8969409938946548,0.8969409938946548,129,129.0,169,1,129,187,0.6898395721925134,4.666666666666667,5.55731238371864,0.8969409954131731,0.4325908663113595,147,169,1,1,1,1,1,0.4325908663113595,1,1,3,1,4.770610302100344,7.320158229655568,0.087681354887189,0.1052631578947368,8.127115109311548,7.858753081755409,5.139834670404177,7.907787417766015,7.992934095533478,0,1,4,4.188078318274383,9.03578119656309,14.347114334462338,0,27,2.121907979874488,path_04,5dd0e5dd878f3300066c7644,4.0,0.8264883360511049,5dc65d451cda3700060305be|5dce63105516ad00065f0280|5dce818894e4900006125129|5dd374ae44333f00067aa196
5da138754db8ce0c98bca82f,5dd0e5dd878f3300066c7644,F1,1573964509320,3,5da138754db8ce0c98bca82f|5dd0e5dd878f3300066c7644|F1|1573964509320|3,1,35,131.4733275750521,49.9113204259159,131.4,46.0,3.9120077207809785,-0.0733275750521045,-3.9113204259159033,0.0733275750521045,3.9113204259159033,0.0,1,130.58688,41.221306,4.847378722571201,1.7659934792134409,0,1,0,0,0.0250215913962213,3,8.73510961728256,4.847378722571201,4.82235713117498,1,0.4036537330362414,0.4036537330362414,0.4036537330362414,0.4036537330362414,0.0,0.4036537330362414,3.791304347826087,3.791304347826087,0.8095020466019912,0.8095020466019912,115,115.0,173,1,115,195,0.5897435897435898,3.791304347826087,4.937874916971082,0.8095020444865203,0.4036537330362414,137,173,1,1,1,1,4,0.4036537330362414,6,5,5,9,7.320158229655568,10.063598264181389,0.1305128995587753,0.1578947368421052,7.858753081755409,11.90504094911058,9.020440812613648,7.91661097739255,9.881897015432994,0,1,2,4.866210024238575,9.308683155344308,13.693499439032058,0,35,1.6745745551085962,path_04,5dd0e5dd878f3300066c7644,4.0,0.5315080573100065,5dc65d451cda3700060305be|5dce63105516ad00065f0280|5dce818894e4900006125129|5dd374ae44333f00067aa196
5da138754db8ce0c98bca82f,5dd0e5dd878f3300066c7644,F1,1573964519465,4,5da138754db8ce0c98bca82f|5dd0e5dd878f3300066c7644|F1|1573964519465|4,2,40,138.67805267719964,42.88508770664736,140.3,38.1,5.05250210076621,1.6219473228003665,-4.78508770664736,1.6219473228003665,4.78508770664736,0.0204081632653061,0,140.27019,38.054165,0.0546761677973156,0.0532337698540989,1,1,1,1,0.0546761677973156,2,5.086522923594763,6.404876617338142,6.350200449540827,2,0.477563827354106,0.4593029484155118,0.477563827354106,0.4593029484155118,0.0182608789385942,0.4739116515663871,3.3622047244094486,3.578161185734136,0.861054261049016,0.8448073315787636,136,131.5,177,1,147,217,0.6774193548387096,3.523809523809524,4.634974994245267,0.8635139425412788,0.4762341094211685,187,177,1,2,2,2,2,0.4762341094211685,3,3,3,4,10.063598264181389,2.84480441226658,0.1793799734109169,0.2105263157894736,11.900420160649794,6.35059052372296,14.745081766507566,4.842502769942486,9.125505342186376,0,1,3,4.24499705535821,8.427742861304026,11.561408283430698,0,33,2.044255663701606,path_04,5dd0e5dd878f3300066c7644,4.0,6.677087240665666,5dc65d451cda3700060305be|5dce63105516ad00065f0280|5dce818894e4900006125129|5dd374ae44333f00067aa196
5da138754db8ce0c98bca82f,5dd0e5dd878f3300066c7644,F1,1573964529380,5,5da138754db8ce0c98bca82f|5dd0e5dd878f3300066c7644|F1|1573964529380|5,1,43,141.52113117971882,42.78600807925245,143.1,43.8,1.876434482468644,1.5788688202811727,1.01399192074755,1.5788688202811727,1.01399192074755,0.0,1,143.06532,43.83664,0.050449895936454,0.0492185447218121,1,1,1,1,0.050449895936454,1,1.8677115798685615,0.050449895936454,0.0,6,0.5576282927351628,0.521531834629291,0.5576282927351628,0.484575032949553,0.187249819173797,0.5459116385781625,2.823943661971831,3.2777367941195386,0.8795880381286892,0.8679335526257795,146,141.33333333333334,171,1,165,248,0.6653225806451613,3.4060606060606062,4.505888403304093,0.850477193877513,0.4732699507580456,242,171,1,3,5,5,3,0.4732699507580456,1,1,1,4,2.84480441226658,11.50332131725008,0.2271391688021425,0.2631578947368421,0.0,12.767536959022284,4.515604348273768,13.17258573025098,6.383768479511142,0,0,3,6.2769419305901,8.912335328998985,11.149740368845553,1,47,1.3399708380932471,path_04,5dd0e5dd878f3300066c7644,4.0,1.3351139646772492,5dc65d451cda3700060305be|5dce63105516ad00065f0280|5dce818894e4900006125129|5dd374ae44333f00067aa196
5da138754db8ce0c98bca82f,5dd0e5dd878f3300066c7644,F1,1573964546411,6,5da138754db8ce0c98bca82f|5dd0e5dd878f3300066c7644|F1|1573964546411|6,2,35,130.0388915276839,42.08989465377008,131.4,46.0,4.140234304000984,1.3611084723161184,3.910105346229919,1.3611084723161184,3.910105346229919,0.0204081632653061,0,131.35622,46.041195,0.060114194871095,0.0583766333318742,1,1,1,1,0.060114194871095,2,4.165108489594409,4.8999018068146025,4.839787611943508,1,0.4987262087603438,0.4987262087603438,0.4987262087603438,0.4987262087603438,0.0,0.4987262087603438,3.3739837398373984,3.3739837398373984,0.8891847315960575,0.8891847315960575,123,123.0,162,1,123,176,0.6988636363636364,3.3739837398373984,4.564799927048692,0.8891847319017404,0.4987262087603438,137,162,1,1,1,1,1,0.4987262087603438,2,1,1,3,11.50332131725008,3.323154987310596,0.3091751604015337,0.3157894736842105,11.90504094911058,0.0,10.61918266269617,2.5070410021694034,5.95252047455529,0,1,2,4.866210024238575,9.308683155344308,13.693499439032058,0,35,1.3885567930294618,path_04,5dd0e5dd878f3300066c7644,4.0,3.882976112769824,5dc65d451cda3700060305be|5dce63105516ad00065f0280|5dce818894e4900006125129|5dd374ae44333f00067aa196
5da138754db8ce0c98bca82f,5dd0e5dd878f3300066c7644,F1,1573964555472,7,5da138754db8ce0c98bca82f|5dd0e5dd878f3300066c7644|F1|1573964555472|7,3,30,129.00804738914252,45.24912231757055,123.8,48.0,5.889913889968396,-5.208047389142521,2.750877682429447,5.208047389142521,2.750877682429447,0.0408163265306122,0,123.84195,48.047543,0.0634045688337973,0.0614756185184025,1,1,1,1,0.0634045688337973,3,5.875348547103743,7.830488627113197,7.7670840582794,1,0.501171452531697,0.501171452531697,0.501171452531697,0.501171452531697,0.0,0.501171452531697,3.6538461538461537,3.6538461538461537,0.925072257831342,0.925072257831342,130,130.0,163,1,130,180,0.7222222222222222,3.6538461538461537,4.857191337831741,0.9250722577989352,0.501171452531697,147,163,1,1,1,1,1,0.501171452531697,1,1,1,1,3.323154987310596,6.964545328546256,0.3528207548987495,0.3684210526315789,9.616652224137042,0.0,8.593783375076503,1.287845297679557,4.808326112068521,0,1,4,4.188078318274383,9.03578119656309,14.347114334462338,0,26,1.286574659836287,path_04,5dd0e5dd878f3300066c7644,4.0,1.567680179375062,5dc65d451cda3700060305be|5dce63105516ad00065f0280|5dce818894e4900006125129|5dd374ae44333f00067aa196
5da138754db8ce0c98bca82f,5dd0e5dd878f3300066c7644,F1,1573964563840,8,5da138754db8ce0c98bca82f|5dd0e5dd878f3300066c7644|F1|1573964563840|8,3,25,122.52769043457396,47.800566099971086,116.1,50.6,7.010851195350298,-6.427690434573961,2.799433900028916,6.427690434573961,2.799433900028916,0.0408163265306122,0,116.13267,50.64781,0.0579061741095067,0.0562916471874423,1,1,1,1,0.0579061741095067,3,7.00022029545287,8.11164885365484,8.053742679545334,1,0.4540338958868892,0.4540338958868892,0.4540338958868892,0.4540338958868892,0.0,0.4540338958868892,4.165217391304348,4.165217391304348,0.9122777873501008,0.9122777873501008,115,115.0,135,1,115,167,0.688622754491018,4.165217391304348,5.303813230366308,0.9122777865896238,0.4540338958868892,147,135,1,1,1,1,1,0.4540338958868892,1,1,1,2,6.964545328546256,6.742466711585243,0.3931282634245968,0.4210526315789473,15.976545308670469,0.0,13.9731735612448,0.4381186835513785,7.988272654335234,0,0,4,7.48131004570723,9.569208260834989,12.97509366236864,1,46,1.364694397076877,path_04,5dd0e5dd878f3300066c7644,4.0,2.0000631487671234,5dc65d451cda3700060305be|5dce63105516ad00065f0280|5dce818894e4900006125129|5dd374ae44333f00067aa196
5da138754db8ce0c98bca82f,5dd0e5dd878f3300066c7644,F1,1573964571524,9,5da138754db8ce0c98bca82f|5dd0e5dd878f3300066c7644|F1|1573964571524|9,2,22,116.48945997550572,50.80067114480131,110.2,55.2,7.6753762878227825,-6.2894599755057214,4.399328855198689,6.2894599755057214,4.399328855198689,0.0204081632653061,0,110.23758,55.189148,0.0391154995366202,0.0383698700741576,1,1,1,1,0.0391154995366202,2,7.638372361749858,7.4450149511135315,7.405899451576912,1,0.260919895910604,0.260919895910604,0.260919895910604,0.260919895910604,0.0,0.260919895910604,6.65979381443299,6.65979381443299,0.7286934107018768,0.7286934107018768,97,97.0,146,1,97,191,0.5078534031413613,6.65979381443299,7.950880130234692,0.7286934105813289,0.260919895910604,142,146,1,0,1,1,7,0.260919895910604,12,8,7,18,6.742466711585243,3.612448173662312,0.4301410377449375,0.4736842105263157,15.388307249337071,7.48131004570723,14.377884875446156,6.534829985884544,11.43480864752215,0,1,5,4.81040538832228,7.58442480116864,10.64373757646256,0,25,1.5896810078429762,path_04,5dd0e5dd878f3300066c7644,4.0,3.012854698218867,5dc65d451cda3700060305be|5dce63105516ad00065f0280|5dce818894e4900006125129|5dd374ae44333f00067aa196
5da138754db8ce0c98bca82f,5dd0e5dd878f3300066c7644,F1,1573964582627,10,5da138754db8ce0c98bca82f|5dd0e5dd878f3300066c7644|F1|1573964582627|10,4,21,116.6866261338059,54.40773467535041,106.7,51.9,10.296671051284964,-9.9866261338059,-2.507734675350413,9.9866261338059,2.507734675350413,0.0612244897959183,0,106.73607,51.865578,0.0498589910046282,0.0486558608698411,1,1,1,1,0.0498589910046282,4,10.270157152354145,9.449067293600145,9.399208302595516,1,0.3296815305987852,0.3296815305987852,0.3296815305987852,0.3296815305987852,0.0,0.3296815305987852,5.752293577981652,5.752293577981652,0.7721643977542836,0.7721643977542836,109,109.0,148,1,109,186,0.5860215053763441,5.752293577981652,7.400099181085903,0.7721643984526838,0.3296815305987852,147,148,1,1,1,1,4,0.3296815305987852,4,4,6,11,3.612448173662312,5.71864092630665,0.4836226662299377,0.5263157894736842,9.489467845985876,17.539099178692155,9.850992363406894,15.087879427105392,13.514283512339016,0,1,4,4.81040538832228,8.141842882746133,11.177942447795363,0,32,1.6986817223820003,path_04,5dd0e5dd878f3300066c7644,4.0,0.8498003671116612,5dc65d451cda3700060305be|5dce63105516ad00065f0280|5dce818894e4900006125129|5dd374ae44333f00067aa196
5da138754db8ce0c98bca82f,5dd0e5dd878f3300066c7644,F1,1573964595891,11,5da138754db8ce0c98bca82f|5dd0e5dd878f3300066c7644|F1|1573964595891|11,2,25,121.78768172495212,51.822761580700245,116.1,50.6,5.817634337734796,-5.687681724952128,-1.2227615807002437,5.687681724952128,1.2227615807002437,0.0204081632653061,0,116.13267,50.64781,0.0579061741095067,0.0562916471874423,1,1,1,1,0.0579061741095067,2,5.775782962191008,8.11164885365484,8.053742679545334,1,0.4264070594178062,0.4264070594178062,0.4264070594178062,0.4264070594178062,0.0,0.4264070594178062,4.135593220338983,4.135593220338983,0.8719324418862235,0.8719324418862235,118,118.0,154,1,118,183,0.644808743169399,4.135593220338983,5.223804704735844,0.8719324411103053,0.4264070594178062,147,154,1,1,1,1,2,0.4264070594178062,2,2,2,1,5.71864092630665,1.1127912317757918,0.5475135353846746,0.5789473684210527,0.0,8.127115109311548,3.8526579888085006,6.927599628300552,4.063557554655774,0,0,4,7.48131004570723,9.569208260834989,12.97509366236864,1,46,1.4618979868040947,path_04,5dd0e5dd878f3300066c7644,4.0,4.446940815761088,5dc65d451cda3700060305be|5dce63105516ad00065f0280|5dce818894e4900006125129|5dd374ae44333f00067aa196
5da138754db8ce0c98bca82f,5dd0e5dd878f3300066c7644,F1,1573964604524,12,5da138754db8ce0c98bca82f|5dd0e5dd878f3300066c7644|F1|1573964604524|12,3,28,122.8541477035219,52.1404951830628,121.5,44.5,7.75956716868663,-1.3541477035219032,-7.6404951830627965,1.3541477035219032,7.6404951830627965,0.0408163265306122,0,113.53489,48.02279,8.709364310683068,2.2730908126712737,0,0,0,0,3.636179409242612,2,10.188427755020616,10.26513529848486,6.628955889242249,1,0.3554770222261459,0.3554770222261459,0.3554770222261459,0.3554770222261459,0.0,0.3554770222261459,5.418181818181818,5.418181818181818,0.8577548508341272,0.8577548508341272,110,110.0,152,1,110,180,0.6111111111111112,5.418181818181818,6.4666979068286325,0.8577548514818845,0.3554770222261459,138,152,1,1,1,1,3,0.3554770222261459,3,3,4,3,1.1127912317757918,45.679427499344,0.5890975125720121,0.631578947368421,4.188078318274383,46.2847707134863,7.328410328485366,46.36272922525044,25.236424515880344,0,1,3,4.188078318274383,9.51797158914848,15.151973932837835,0,33,2.1154363449265916,path_04,5dd0e5dd878f3300066c7644,4.0,5.782183021001261,5dc65d451cda3700060305be|5dce63105516ad00065f0280|5dce818894e4900006125129|5dd374ae44333f00067aa196
5da138754db8ce0c98bca82f,5dd0e5dd878f3300066c7644,F1,1573964616357,13,5da138754db8ce0c98bca82f|5dd0e5dd878f3300066c7644|F1|1573964616357|13,43,35,167.86244978709055,44.33903120365133,131.4,46.0,36.50026111986794,-36.46244978709055,1.6609687963486692,36.46244978709055,1.6609687963486692,0.8571428571428571,0,123.84195,48.047543,7.830488627113197,2.178210350243737,0,0,0,1,7.830488627113197,51,44.176435587866266,44.315007073669165,36.48451844655597,1,0.0,0.0,0.0,0.0,0.0,0.0,,,0.0,0.0,0,0.0,0,0,0,137,0.0,,,0.0,0.0,137,0,0,0,0,0,43,0.0,43,43,43,43,45.679427499344,5.683419102145803,0.6460954509547022,0.6842105263157895,7.858753081755409,43.34570336261716,10.523177873933207,42.15420550541837,25.602228222186284,0,1,2,4.866210024238575,9.308683155344308,13.693499439032058,0,41,3.450534847648415,path_04,5dd0e5dd878f3300066c7644,4.0,3.957338991104947,5dc65d451cda3700060305be|5dce63105516ad00065f0280|5dce818894e4900006125129|5dd374ae44333f00067aa196
5da138754db8ce0c98bca82f,5dd0e5dd878f3300066c7644,F1,1573964626260,14,5da138754db8ce0c98bca82f|5dd0e5dd878f3300066c7644|F1|1573964626260|14,50,34,173.53423308340922,44.70252388615867,130.6,41.2,43.07686204952287,-42.934233083409225,-3.50252388615867,42.934233083409225,3.50252388615867,1.0,0,121.468,44.481556,9.703712371104976,2.370590631864988,0,0,0,1,9.703712371104976,72,52.06670197259098,53.03901573918144,43.33530336807647,1,0.0,0.0,0.0,0.0,0.0,0.0,,,0.0,0.0,0,0.0,0,0,0,143,0.0,,,0.0,0.0,143,0,0,0,0,0,50,0.0,50,50,50,50,5.683419102145803,43.920811531418586,0.6937968439914453,0.7368421052631579,37.103369119259234,4.866210024238575,37.394433824206274,3.6510762096394456,20.984789571748905,0,1,3,4.866210024238575,9.422718986828547,13.594016939787874,0,38,3.5532031646002165,path_04,5dd0e5dd878f3300066c7644,4.0,1.4038224292318089,5dc65d451cda3700060305be|5dce63105516ad00065f0280|5dce818894e4900006125129|5dd374ae44333f00067aa196
5da138754db8ce0c98bca82f,5dd0e5dd878f3300066c7644,F1,1573964637978,15,5da138754db8ce0c98bca82f|5dd0e5dd878f3300066c7644|F1|1573964637978|15,1,35,129.61342339740705,44.71525590758501,131.4,46.0,2.200550690151857,1.7865766025929588,1.284744092414989,1.7865766025929588,1.284744092414989,0.0,1,131.35622,46.041195,0.060114194871095,0.0583766333318742,1,1,1,1,0.060114194871095,1,2.1898526148587845,0.060114194871095,0.0,1,0.4251413051949854,0.4251413051949854,0.4251413051949854,0.4251413051949854,0.0,0.4251413051949854,3.817307692307693,3.817307692307693,0.8247738230676959,0.8247738230676959,104,104.0,134,1,104,167,0.6227544910179641,3.817307692307693,5.474591660220317,0.8247738205607298,0.4251413051949854,137,134,1,1,1,1,2,0.4251413051949854,3,2,2,7,43.920811531418586,1.7047896477483224,0.7502408431436773,0.7894736842105263,43.34570336261716,4.866210024238575,42.15420550541837,3.677178530982595,24.105956693427867,0,1,2,4.866210024238575,9.308683155344308,13.693499439032058,0,35,1.3717132396080247,path_04,5dd0e5dd878f3300066c7644,4.0,4.8032526121135515,5dc65d451cda3700060305be|5dce63105516ad00065f0280|5dce818894e4900006125129|5dd374ae44333f00067aa196
5da138754db8ce0c98bca82f,5dd0e5dd878f3300066c7644,F1,1573964647341,16,5da138754db8ce0c98bca82f|5dd0e5dd878f3300066c7644|F1|1573964647341|16,1,34,129.18423259521265,43.0653762154918,130.6,41.2,2.341799686092046,1.4157674047873456,-1.8653762154918,1.4157674047873456,1.8653762154918,0.0,1,130.58688,41.221306,0.0250215913962213,0.0247136771453135,1,1,1,1,0.0250215913962213,1,2.3168976459526007,0.0250215913962213,0.0,1,0.5852710770917063,0.5852710770917063,0.5852710770917063,0.5852710770917063,0.0,0.5852710770917063,2.5396825396825395,2.5396825396825395,0.9144734201283448,0.9144734201283448,126,126.0,150,1,126,167,0.7544910179640718,2.5396825396825395,3.844187531556932,0.9144734191653484,0.5852710770917063,143,150,1,1,1,1,1,0.5852710770917063,1,1,1,1,1.7047896477483224,6.81912198501724,0.7953411302287047,0.8421052631578947,4.866210024238575,4.866210024238575,3.6510762096394456,5.983768300450208,4.866210024238575,0,1,3,4.866210024238575,9.422718986828547,13.594016939787874,0,33,1.2027607553917996,path_04,5dd0e5dd878f3300066c7644,4.0,0.5944921915964078,5dc65d451cda3700060305be|5dce63105516ad00065f0280|5dce818894e4900006125129|5dd374ae44333f00067aa196
5da138754db8ce0c98bca82f,5dd0e5dd878f3300066c7644,F1,1573964661075,17,5da138754db8ce0c98bca82f|5dd0e5dd878f3300066c7644|F1|1573964661075|17,1,35,135.95592525124135,43.86824807253523,131.4,46.0,5.029992164521561,-4.555925251241348,2.1317519274647694,4.555925251241348,2.1317519274647694,0.0,1,143.06532,43.83664,11.864224255803672,2.55445014510522,0,0,0,0,0.050449895936454,3,7.109465012497537,11.864224255803672,11.813774359867216,1,0.4332647838472693,0.4332647838472693,0.4332647838472693,0.4332647838472693,0.0,0.4332647838472693,4.504132231404959,4.504132231404959,0.8528122084238337,0.8528122084238337,121,121.0,162,1,121,178,0.6797752808988764,4.504132231404959,6.211825565766004,0.8528122071088292,0.4332647838472693,137,162,1,0,1,1,5,0.4332647838472693,9,7,17,8,6.81912198501724,4.207793814926791,0.861495924934009,0.8947368421052632,4.866210024238575,11.900420160649794,3.677178530982595,8.038495867295406,8.383315092444185,0,1,2,4.866210024238575,9.308683155344308,13.693499439032058,0,36,1.9304324354032816,path_04,5dd0e5dd878f3300066c7644,4.0,6.409500865672276,5dc65d451cda3700060305be|5dce63105516ad00065f0280|5dce818894e4900006125129|5dd374ae44333f00067aa196
5da138754db8ce0c98bca82f,5dd0e5dd878f3300066c7644,F1,1573964670293,18,5da138754db8ce0c98bca82f|5dd0e5dd878f3300066c7644|F1|1573964670293|18,2,34,136.3682981233042,39.6807097260454,130.6,41.2,5.965023568758805,-5.76829812330422,1.5192902739546028,5.76829812330422,1.5192902739546028,0.0204081632653061,0,140.27019,38.054165,10.16901433194611,2.413143366747598,0,0,0,0,0.0546761677973156,1,4.227340530788924,0.0546761677973156,0.0,1,0.5085525408346199,0.5085525408346199,0.5085525408346199,0.5085525408346199,0.0,0.5085525408346199,3.1328125,3.1328125,0.8974796623073734,0.8974796623073734,128,128.0,169,1,128,184,0.6956521739130435,3.1328125,3.9001201904556737,0.8974796626634057,0.5085525408346199,143,169,1,1,1,1,2,0.5085525408346199,3,2,3,1,4.207793814926791,8.01861021549672,0.9058977669023718,0.9473684210526316,4.866210024238575,4.866210024238575,5.983768300450208,3.829112329223904,4.866210024238575,0,1,3,4.866210024238575,9.422718986828547,13.594016939787874,0,33,1.2990365700771582,path_04,5dd0e5dd878f3300066c7644,4.0,1.097902168165255,5dc65d451cda3700060305be|5dce63105516ad00065f0280|5dce818894e4900006125129|5dd374ae44333f00067aa196
5da138754db8ce0c98bca82f,5dd0e5dd878f3300066c7644,F1,1573964689829,19,5da138754db8ce0c98bca82f|5dd0e5dd878f3300066c7644|F1|1573964689829|19,4,28,130.38874557408778,45.02328037127112,121.5,44.5,8.90413500727739,-8.888745574087778,-0.5232803712711203,8.888745574087778,0.5232803712711203,0.0612244897959183,0,131.35622,46.041195,9.97598890919718,2.3957100605235784,0,0,0,0,0.060114194871095,1,1.4043350583726286,0.060114194871095,0.0,1,0.3629652693186963,0.3629652693186963,0.3629652693186963,0.3629652693186963,0.0,0.3629652693186963,4.881818181818182,4.881818181818182,0.8060559313572556,0.8060559313572556,110,110.0,158,1,110,186,0.5913978494623656,4.881818181818182,6.333891522451408,0.8060559319834567,0.3629652693186963,138,158,1,0,0,1,13,0.3629652693186963,15,12,10,15,8.01861021549672,,1.0,1.0,19.859506539690265,,15.62983838138082,,19.859506539690265,0,1,3,4.188078318274383,9.51797158914848,15.151973932837835,0,31,1.5434555764372468,path_04,5dd0e5dd878f3300066c7644,4.0,2.613334346815924,5dc65d451cda3700060305be|5dce63105516ad00065f0280|5dce818894e4900006125129|5dd374ae44333f00067aa196
5da1383b4db8ce0c98bc11ab,5dd374ae44333f00067aa196,F1,1574137911458,0,5da1383b4db8ce0c98bc11ab|5dd374ae44333f00067aa196|F1|1574137911458|0,14,97,110.6102613486551,207.98675481139537,101.5,193.6,17.028669232914446,-9.1102613486551,-14.386754811395376,9.1102613486551,14.386754811395376,0.2653061224489796,0,101.47391,193.63725,0.0454780232639879,0.0444742193537973,1,1,1,1,0.0454780232639879,14,17.011208196313714,15.151888735421736,15.106410712157748,8,0.379427321281627,0.354299060628972,0.379427321281627,0.3401607485253783,0.0294413462550908,0.3628452614168954,4.423357664233577,4.737110665892514,0.7977739636440797,0.7713812469192906,147,135.33333333333334,175,1,165,348,0.4741379310344827,5.963636363636364,7.376457226346616,0.7585657320981652,0.2611603631239521,338,175,1,0,0,3,17,0.2611603631239521,18,12,13,19,,5.978405848391905,0.0,0.0,,22.84425529536912,,22.78929502218321,22.84425529536912,0,0,6,5.353503525729672,6.420922432220033,8.493815285246034,1,33,2.7860595086270643,path_05,5dd374ae44333f00067aa196,2.0,,5dc65d451cda3700060305be|5dce63105516ad00065f0280|5dce818894e4900006125129|5dd0e5dd878f3300066c7644
5da1383b4db8ce0c98bc11ab,5dd374ae44333f00067aa196,F1,1574137918945,1,5da1383b4db8ce0c98bc11ab|5dd374ae44333f00067aa196|F1|1574137918945|1,12,104,115.21344765132814,211.80146480705292,106.5,198.1,16.237435383438683,-8.713447651328138,-13.701464807052956,8.713447651328138,13.701464807052956,0.2244897959183673,0,104.52816,198.74817,2.0756390183507327,1.1235126905145651,1,1,0,0,0.055797262477651,14,16.869021237506978,16.872598179726214,16.816800917248564,3,0.4363041301607674,0.3342917940650332,0.4363041301607674,0.3342917940650332,0.1105274203003567,0.4262134285477599,3.393162393162393,5.696479446479446,0.8227829592264009,0.7484302074515671,156,133.0,182,1,164,310,0.5290322580645161,5.298780487804878,7.569595794215493,0.7627327682977494,0.3114289930467224,292,182,1,1,1,2,9,0.3114289930467224,5,14,1,16,5.978405848391905,8.141470198746365,0.0252341582940401,0.0333333333333333,9.902019995940227,21.251352898109804,10.707108342353584,22.77526973609038,15.576686447025017,1,1,6,2.0880613017821084,6.500094463895474,9.374123529996858,0,11,2.1409534522618814,path_05,5dd374ae44333f00067aa196,2.0,1.0456450824524546,5dc65d451cda3700060305be|5dce63105516ad00065f0280|5dce818894e4900006125129|5dd0e5dd878f3300066c7644
5da1383b4db8ce0c98bc11ab,5dd374ae44333f00067aa196,F1,1574137932430,2,5da1383b4db8ce0c98bc11ab|5dd374ae44333f00067aa196|F1|1574137932430|2,12,109,123.14283574050503,213.64763422731068,112.3,203.2,15.057229089153395,-10.842835740505038,-10.447634227310688,10.842835740505038,10.447634227310688,0.2244897959183673,0,112.308556,203.16437,0.0366428988482053,0.0359875101041297,1,1,1,1,0.0366428988482053,12,15.075823239714964,13.54547346909794,13.508830570249732,3,0.4741014900292608,0.2838472938247607,0.4741014900292608,0.2838472938247607,0.1366148686455153,0.4228491100213272,4.129496402877698,7.392754186779835,0.8597053210464565,0.7101753612568474,139,129.33333333333334,182,1,165,295,0.559322033898305,7.721212121212122,10.194472655673405,0.7580103406714068,0.2584246557696367,278,182,1,1,1,1,15,0.2584246557696367,4,23,9,2,8.141470198746365,1.5988066285464133,0.0706839545535741,0.0666666666666666,9.960923651951166,17.804493814764857,9.081485233374556,15.72024084119527,13.882708733358012,0,0,5,6.747592163134946,8.224120951549512,10.362662332682069,1,40,2.7391809778549585,path_05,5dd374ae44333f00067aa196,2.0,3.523058747028689,5dc65d451cda3700060305be|5dce63105516ad00065f0280|5dce818894e4900006125129|5dd0e5dd878f3300066c7644
5da1383b4db8ce0c98bc11ab,5dd374ae44333f00067aa196,F1,1574137940432,3,5da1383b4db8ce0c98bc11ab|5dd374ae44333f00067aa196|F1|1574137940432|3,7,116,122.53936432568835,215.12817631958063,117.5,207.5,9.142443151019926,-5.039364325688354,-7.628176319580632,5.039364325688354,7.628176319580632,0.1224489795918367,0,117.45562,207.46977,0.0536976470620423,0.0523055465963118,1,1,1,1,0.0536976470620423,7,9.192151202235577,11.35051335567249,11.296815708610447,4,0.4950070512986413,0.3256421123642955,0.4950070512986413,0.2994125229962573,0.1132291276988544,0.4189729945057796,3.4027777777777777,6.581146553866989,0.8588647134092625,0.7512063269025715,149,146.0,192,1,175,314,0.5573248407643312,7.651428571428571,10.126344707882364,0.767807139354136,0.2593051127488674,297,192,1,1,1,1,15,0.2593051127488674,2,15,4,6,1.5988066285464133,4.9121572000216265,0.097653867024378,0.1,6.789698078707178,11.301769772916089,8.344758941223091,11.907121331839072,9.045733925811632,0,1,6,4.34165866921847,6.6238819981689705,9.49397505965645,0,18,2.007865884669616,path_05,5dd374ae44333f00067aa196,2.0,1.4740160694831757,5dc65d451cda3700060305be|5dce63105516ad00065f0280|5dce818894e4900006125129|5dd0e5dd878f3300066c7644
5da1383b4db8ce0c98bc11ab,5dd374ae44333f00067aa196,F1,1574137953482,4,5da1383b4db8ce0c98bc11ab|5dd374ae44333f00067aa196|F1|1574137953482|4,7,110,119.77397378426224,219.1879673870021,113.4,213.1,8.814243513068133,-6.373973784262233,-6.087967387002124,6.373973784262233,6.087967387002124,0.1224489795918367,0,113.391335,216.51126,3.4112710050397625,1.4841628576938837,0,1,0,0,0.0142080901249947,4,6.921187779998482,9.932572922955307,9.918364832830314,2,0.4989481528931335,0.3816027247064336,0.4989481528931335,0.3816027247064336,0.1173454281866999,0.4754790672557936,3.701986754966888,5.732112258602325,0.8672725491347726,0.8184098760606167,151,147.0,185,1,166,260,0.6384615384615384,5.626506024096385,7.557809333908262,0.8460156806008112,0.3637296361819017,241,185,1,1,1,1,4,0.3637296361819017,2,8,3,7,4.9121572000216265,15.169361397676012,0.1416375408239271,0.1333333333333333,10.71540946487813,8.74185335040574,9.361702807768069,6.925142212624203,9.728631407641934,0,2,7,3.4000000000000057,5.875330864155584,9.01117312525616,0,7,1.8937961442736069,path_05,5dd374ae44333f00067aa196,2.0,1.3731448646644029,5dc65d451cda3700060305be|5dce63105516ad00065f0280|5dce818894e4900006125129|5dd0e5dd878f3300066c7644
5da1383b4db8ce0c98bc11ab,5dd374ae44333f00067aa196,F1,1574137970178,5,5da1383b4db8ce0c98bc11ab|5dd374ae44333f00067aa196|F1|1574137970178|5,1,103,106.63953605705794,211.5987598655612,106.3,208.0,3.614741664907253,-0.3395360570579413,-3.598759865561192,0.3395360570579413,3.598759865561192,0.0,1,101.798004,208.61899,4.544349964969238,1.7127793848897548,0,1,1,1,4.544349964969238,1,5.685020766120929,4.544349964969238,0.0,1,0.5401091883344615,0.5401091883344615,0.5401091883344615,0.5401091883344615,0.0,0.5401091883344615,3.2830188679245285,3.2830188679245285,0.871770536458756,0.871770536458756,159,159.0,186,1,159,212,0.75,3.2830188679245285,4.343722427630694,0.8717705355802522,0.5401091883344615,185,186,1,1,1,1,1,0.5401091883344615,1,1,2,1,15.169361397676012,5.442944563390054,0.197909680115672,0.1666666666666666,19.329769786523578,0.0,17.513382991061697,3.55569190591673,9.664884893261789,0,0,5,6.780117993073561,8.516066493329427,10.38930835358207,1,37,1.2608242785576957,path_05,5dd374ae44333f00067aa196,2.0,1.5081429848301084,5dc65d451cda3700060305be|5dce63105516ad00065f0280|5dce818894e4900006125129|5dd0e5dd878f3300066c7644
5da1383b4db8ce0c98bc11ab,5dd374ae44333f00067aa196,F1,1574137978915,6,5da1383b4db8ce0c98bc11ab|5dd374ae44333f00067aa196|F1|1574137978915|6,2,96,102.75046952000426,207.79076735105875,100.9,203.9,4.308399705752639,-1.8504695200042531,-3.8907673510587415,1.8504695200042531,3.8907673510587415,0.0204081632653061,0,94.06626,201.92056,7.114645816989074,2.0936705545413674,0,0,0,0,0.0395107732143928,5,10.482119505699066,13.661038946624814,13.621528173410422,4,0.4897107406948113,0.4559251377086727,0.4897107406948113,0.448074278523511,0.0252299267593037,0.4765678992833032,3.150326797385621,3.674455337690632,0.8397103275171353,0.8225147428281421,160,155.33333333333334,187,1,176,296,0.5945945945945946,4.232954545454546,5.442363290135838,0.7999929236895061,0.3893911499001874,285,187,1,4,4,4,2,0.3893911499001874,2,1,2,1,5.442944563390054,9.331085456152357,0.2273568339843815,0.2,6.780117993073561,11.421471008587284,9.602769268176957,11.957088275499466,9.100794500830425,0,0,5,6.239390995922613,6.8988680232598485,9.92636747500664,1,35,1.025569018711176,path_05,5dd374ae44333f00067aa196,2.0,1.3506679267811799,5dc65d451cda3700060305be|5dce63105516ad00065f0280|5dce818894e4900006125129|5dd0e5dd878f3300066c7644
5da1383b4db8ce0c98bc11ab,5dd374ae44333f00067aa196,F1,1574138000154,7,5da1383b4db8ce0c98bc11ab|5dd374ae44333f00067aa196|F1|1574138000154|7,4,103,112.0744498806422,208.154836059486,106.3,208.0,5.776525394159189,-5.774449880642209,-0.1548360594860014,5.774449880642209,0.1548360594860014,0.0612244897959183,0,106.33402,207.98663,0.0365529383223854,0.0359007257065698,1,1,1,1,0.0365529383223854,4,5.742893738614511,7.648839396751644,7.612286458429258,1,0.4565430981397367,0.4565430981397367,0.4565430981397367,0.4565430981397367,0.0,0.4565430981397367,3.526315789473684,3.526315789473684,0.8272431386535377,0.8272431386535377,152,152.0,201,1,152,234,0.6495726495726496,3.526315789473684,4.346807661043362,0.8272431390083892,0.4565430981397367,185,201,1,1,1,1,1,0.4565430981397367,4,2,2,6,9.331085456152357,8.563992043026818,0.2989406843927051,0.2333333333333333,0.0,13.648443134658262,3.55569190591673,13.38168598883086,6.824221567329131,0,0,5,6.780117993073561,8.516066493329427,10.38930835358207,1,38,1.2942084224163533,path_05,5dd374ae44333f00067aa196,2.0,3.5003569477110563,5dc65d451cda3700060305be|5dce63105516ad00065f0280|5dce818894e4900006125129|5dd0e5dd878f3300066c7644
5da1383b4db8ce0c98bc11ab,5dd374ae44333f00067aa196,F1,1574138013450,8,5da1383b4db8ce0c98bc11ab|5dd374ae44333f00067aa196|F1|1574138013450|8,4,110,118.17886409205887,214.16133977200303,113.4,213.1,4.895302250321739,-4.778864092058868,-1.0613397720030378,4.778864092058868,1.0613397720030378,0.0612244897959183,0,113.391335,216.51126,3.4112710050397625,1.4841628576938837,0,1,0,0,0.0142080901249947,5,5.333156652983238,4.1697744387226745,4.15556634859768,2,0.4723298412242664,0.3734075281835941,0.4723298412242664,0.3734075281835941,0.0989223130406723,0.452545378616132,3.823529411764706,5.7561355668095056,0.8482102534817502,0.8026070449984783,153,152.0,199,1,175,265,0.660377358490566,5.64,7.315345905306578,0.8340597749373722,0.3757076922880992,241,199,1,1,1,1,4,0.3757076922880992,1,7,3,2,8.563992043026818,6.722535022458186,0.3437534757213491,0.2666666666666666,9.960923651951166,10.71540946487813,5.119739204050276,11.365973320551156,10.338166558414647,0,2,7,3.4000000000000057,5.875330864155584,9.01117312525616,0,6,1.2233884041968528,path_05,5dd374ae44333f00067aa196,2.0,2.7405710825990623,5dc65d451cda3700060305be|5dce63105516ad00065f0280|5dce818894e4900006125129|5dd0e5dd878f3300066c7644
5da1383b4db8ce0c98bc11ab,5dd374ae44333f00067aa196,F1,1574138021133,9,5da1383b4db8ce0c98bc11ab|5dd374ae44333f00067aa196|F1|1574138021133|9,5,117,123.56660672557076,218.1818753635897,117.5,215.8,6.51744178419846,-6.0666067255707645,-2.3818753635897,6.0666067255707645,2.3818753635897,0.0816326530612244,0,117.475174,215.82109,0.0325748119871728,0.0320555003585934,1,1,1,1,0.0325748119871728,5,6.532905952414588,5.985815793889417,5.953240981902244,4,0.4427976670470161,0.3445401389222978,0.4427976670470161,0.3298405513307144,0.0655491809156702,0.400827106746378,4.379084967320262,5.681177262747301,0.8456579125485717,0.7892479522136281,153,146.66666666666666,193,1,182,321,0.5669781931464174,5.318681318681318,6.834784979374678,0.7833614078840396,0.3331033196448908,310,193,1,1,1,2,8,0.3331033196448908,3,15,11,9,6.722535022458186,1.7543985191407925,0.3696482317214974,0.3,0.0,5.966573556070511,1.7737146890934945,5.906608076281247,2.9832867780352554,0,3,6,4.159326868617077,5.072073721784678,8.28750435622984,0,4,1.6754610945906878,path_05,5dd374ae44333f00067aa196,2.0,3.1835977189872597,5dc65d451cda3700060305be|5dce63105516ad00065f0280|5dce818894e4900006125129|5dd0e5dd878f3300066c7644
5da1383b4db8ce0c98bc11ab,5dd374ae44333f00067aa196,F1,1574138026929,10,5da1383b4db8ce0c98bc11ab|5dd374ae44333f00067aa196|F1|1574138026929|10,2,121,123.37201753572026,216.4383016739635,122.4,212.2,4.348335218134596,-0.972017535720255,-4.23830167396352,0.972017535720255,4.23830167396352,0.0204081632653061,0,122.37796,212.246,0.0510074661201875,0.0497491956946891,1,1,1,1,0.0510074661201875,2,4.308543107575853,5.0390746929967,4.988067226876513,3,0.3119508656562614,0.2572063778850024,0.3119508656562614,0.2572063778850024,0.039852216152262,0.2978476873564433,6.60655737704918,7.4748353649993,0.8032748362283942,0.7391986956290064,130,126.0,176,1,157,290,0.5413793103448276,8.64968152866242,10.278293248487843,0.8081940804190821,0.2279558588061245,271,176,1,0,0,1,17,0.2279558588061245,23,20,23,19,1.7543985191407925,6.172401793684781,0.3891830496021247,0.3333333333333333,5.080354318352214,11.112605455067698,6.094571692717102,10.18604654817448,8.096479886709956,0,1,7,3.8327535793473713,5.990389053838922,8.64533645456476,0,12,2.073512779967412,path_05,5dd374ae44333f00067aa196,2.0,1.1075248357573286,5dc65d451cda3700060305be|5dce63105516ad00065f0280|5dce818894e4900006125129|5dd0e5dd878f3300066c7644
5da1383b4db8ce0c98bc11ab,5dd374ae44333f00067aa196,F1,1574138034771,11,5da1383b4db8ce0c98bc11ab|5dd374ae44333f00067aa196|F1|1574138034771|11,2,130,127.53044595779332,220.999662979668,128.7,217.4,3.784895008429447,1.16955404220667,-3.5996629796679827,1.16955404220667,3.5996629796679827,0.0204081632653061,0,123.25839,217.19601,5.445432151096901,1.863371686291728,0,0,0,0,0.0418008636274322,3,5.719985847557186,6.0927822308203385,6.0509813671929065,5,0.4288803744535199,0.3976468311724125,0.4288803744535199,0.3480477352920942,0.0788512664656102,0.4177322602993469,4.827338129496403,5.671065066986891,0.8671906254061432,0.8451408036138925,145,140.66666666666666,171,1,165,291,0.5670103092783505,7.412121212121212,9.30395810199274,0.8456894888869695,0.2702007941116729,285,171,1,0,1,4,12,0.2702007941116729,13,10,14,13,6.172401793684781,3.323181403418654,0.415613698639371,0.3666666666666666,5.40370243444251,7.655063683601869,5.414079867343451,5.217884770848743,6.529383059022189,0,0,6,5.080354318352216,6.544402153618028,9.550446193689035,1,35,1.9578150588868446,path_05,5dd374ae44333f00067aa196,2.0,0.8338232917937496,5dc65d451cda3700060305be|5dce63105516ad00065f0280|5dce818894e4900006125129|5dd0e5dd878f3300066c7644
5da1383b4db8ce0c98bc11ab,5dd374ae44333f00067aa196,F1,1574138041593,12,5da1383b4db8ce0c98bc11ab|5dd374ae44333f00067aa196|F1|1574138041593|12,5,150,130.60654592297178,222.2570983236347,136.9,223.0,6.337149763135603,6.29345407702823,0.7429016763653067,6.29345407702823,0.7429016763653067,0.0816326530612244,0,125.38027,222.86974,11.520466437627435,2.52736462037954,0,0,0,0,0.0361239601926517,4,5.262061368575459,7.577052391299677,7.540928431107026,5,0.5694205354457073,0.4747134791666503,0.5694205354457073,0.4198317827446269,0.0876353562451603,0.5164574484731816,3.438709677419354,4.555918426568131,0.9200687799664716,0.8866036009055444,155,146.66666666666666,175,1,170,246,0.6910569105691057,5.317647058823529,6.886474381841895,0.8946269102376908,0.4060423539431051,241,175,1,1,1,4,4,0.4060423539431051,2,5,4,3,3.323181403418654,19.581944101022938,0.4386065432876869,0.4,11.500434774390053,15.044268011438756,9.580704104852757,13.277838471508511,13.272351392914404,0,1,6,4.07921561087423,6.245459917804668,9.298069100519422,0,25,2.0773334403860497,path_05,5dd374ae44333f00067aa196,2.0,3.327823813980744,5dc65d451cda3700060305be|5dce63105516ad00065f0280|5dce818894e4900006125129|5dd0e5dd878f3300066c7644
5da1383b4db8ce0c98bc11ab,5dd374ae44333f00067aa196,F1,1574138059900,13,5da1383b4db8ce0c98bc11ab|5dd374ae44333f00067aa196|F1|1574138059900|13,2,165,149.79204885218024,226.17743148918584,145.5,227.3,4.436422366160971,-4.292048852180244,1.122568510814176,4.292048852180244,1.122568510814176,0.0204081632653061,0,139.05098,228.24449,6.517815609581164,2.017275618315689,0,0,0,0,0.0661990974258763,10,10.938157567634768,12.902408159739002,12.836209062313126,4,0.4862970182769712,0.4092287148892606,0.4862970182769712,0.3645273592111657,0.0934977211231561,0.4612897722086659,4.585714285714285,5.656052852548361,0.8949714280087082,0.8691363580235406,142,136.33333333333334,161,1,158,242,0.6528925619834711,5.791139240506329,7.726741334195783,0.8649721895997969,0.3658775306891962,239,161,1,0,1,3,10,0.3658775306891962,14,10,12,19,19.581944101022938,15.967239653180892,0.5003083912760659,0.4333333333333333,13.077079184588577,22.763567382991614,15.724052647521782,20.223869707436695,17.920323283790097,0,1,7,4.837354648979147,6.284470977194154,8.743739629356515,0,26,1.7920963690842948,path_05,5dd374ae44333f00067aa196,2.0,3.4919044009518214,5dc65d451cda3700060305be|5dce63105516ad00065f0280|5dce818894e4900006125129|5dd0e5dd878f3300066c7644
5da1383b4db8ce0c98bc11ab,5dd374ae44333f00067aa196,F1,1574138071050,14,5da1383b4db8ce0c98bc11ab|5dd374ae44333f00067aa196|F1|1574138071050|14,12,173,165.72378546316872,227.24162634925685,152.3,231.0,13.939992419645716,-13.423785463168713,3.758373650743152,13.423785463168713,3.758373650743152,0.2244897959183673,0,152.25891,231.01921,0.0453587058898463,0.0443600857415382,1,1,1,1,0.0453587058898463,12,13.98474202397046,16.83704806111214,16.791689355222292,3,0.439700088239086,0.3202525276653785,0.439700088239086,0.3202525276653785,0.0934363537710962,0.4136530331816433,4.7,6.691310490992582,0.8612476886618442,0.8188318154261734,149,128.0,177,1,169,268,0.6305970149253731,5.094674556213017,6.823644933429259,0.85086411714141,0.3788724321436397,260,177,1,0,1,1,12,0.3788724321436397,13,17,8,17,15.967239653180892,4.756872932588163,0.5378883118021173,0.4666666666666667,5.333854141237849,9.897979591815671,5.43571393667353,10.03984109090619,7.615916866526761,0,0,6,5.333854141237849,6.848484918128248,8.549533450498474,1,44,2.5450041842080218,path_05,5dd374ae44333f00067aa196,2.0,3.935048432652481,5dc65d451cda3700060305be|5dce63105516ad00065f0280|5dce818894e4900006125129|5dd0e5dd878f3300066c7644
5da1383b4db8ce0c98bc11ab,5dd374ae44333f00067aa196,F1,1574138079334,15,5da1383b4db8ce0c98bc11ab|5dd374ae44333f00067aa196|F1|1574138079334|15,5,201,161.092907721402,226.15405500097685,162.3,231.8,5.773540222519066,1.2070922785979974,5.645944999023158,1.2070922785979974,5.645944999023158,0.0816326530612244,0,162.31766,231.78175,0.0253956315141023,0.0250785200834733,1,1,1,1,0.0253956315141023,5,5.759424376268946,3.930583536588412,3.9051879050743095,3,0.4360508213291616,0.3475201046845009,0.4360508213291616,0.3475201046845009,0.064099080826923,0.4128666464959495,4.553030303030303,6.748982476324791,0.8635566455563419,0.8185834638493924,142,137.33333333333334,173,1,167,239,0.698744769874477,6.305389221556887,8.722261421866307,0.8873216774857602,0.3719452318823837,233,173,1,0,1,2,7,0.3719452318823837,7,10,6,12,4.756872932588163,11.39581113949562,0.5658086760745666,0.5,8.558621384311841,14.956603892595398,5.700971604699936,11.820194379753632,11.75761263845362,0,1,6,3.9458839313897807,6.44114680431502,8.709644063164353,0,31,1.7458550802661352,path_05,5dd374ae44333f00067aa196,2.0,2.8097469717935737,5dc65d451cda3700060305be|5dce63105516ad00065f0280|5dce818894e4900006125129|5dd0e5dd878f3300066c7644
5da1383b4db8ce0c98bc11ab,5dd374ae44333f00067aa196,F1,1574138088764,16,5da1383b4db8ce0c98bc11ab|5dd374ae44333f00067aa196|F1|1574138088764|16,4,207,172.4831651981579,225.7983217578593,168.9,230.3,5.753623191785593,-3.5831651981579,4.501678242140713,3.5831651981579,4.501678242140713,0.0612244897959183,0,173.85435,231.7462,5.1611121245812885,1.818257300954852,0,0,0,0,0.0649489222389365,5,6.103884283317745,7.929398991253984,7.864450069015047,4,0.5461202933774774,0.4400732285359512,0.5461202933774774,0.3877226941573499,0.1397462029569437,0.5341231147181332,4.214765100671141,6.3274728333011625,0.9071745852448324,0.8766714563648014,149,141.66666666666666,168,1,163,220,0.740909090909091,7.895705521472393,10.470232417246793,0.898610573569383,0.3364021708602906,215,168,1,2,2,3,7,0.3364021708602906,4,2,4,3,11.39581113949562,3.07152603731909,0.5975915146898729,0.5333333333333333,7.589466384404128,9.0956033334793,8.839657786445667,6.501963299372517,8.342534858941715,0,1,6,4.751841748206708,6.628659722660454,9.072116645689675,0,34,2.0341079770775368,path_05,5dd374ae44333f00067aa196,2.0,1.0692980592104018,5dc65d451cda3700060305be|5dce63105516ad00065f0280|5dce818894e4900006125129|5dd0e5dd878f3300066c7644
5da1383b4db8ce0c98bc11ab,5dd374ae44333f00067aa196,F1,1574138096568,17,5da1383b4db8ce0c98bc11ab|5dd374ae44333f00067aa196|F1|1574138096568|17,3,213,174.87205448335388,227.7289900828196,173.9,231.7,4.088252643973147,-0.9720544833538723,3.971009917180396,0.9720544833538723,3.971009917180396,0.0408163265306122,0,182.3953,230.4993,8.579732080898548,2.259649625088416,0,0,0,0,0.0047518417482196,7,8.01709674015251,5.3190546697698124,5.314302828021593,3,0.5444976344939424,0.3200024585793927,0.5444976344939424,0.3200024585793927,0.1590192432346043,0.4794479211805311,4.267123287671233,8.326418691556777,0.9126869796413326,0.7821815488716117,146,128.66666666666666,163,1,152,227,0.6696035242290749,8.539473684210526,12.216253194218886,0.8384322943560856,0.2850710404447998,216,163,1,1,1,1,13,0.2850710404447998,2,14,3,1,3.07152603731909,4.414527708429289,0.6238940886616493,0.5666666666666667,7.877182237323174,5.303772242470427,6.069367918446514,7.531659646122754,6.590477239896801,0,0,5,5.1923019942988615,7.061239406558319,9.556909258830723,1,47,1.6254973282704481,path_05,5dd374ae44333f00067aa196,2.0,2.519419203648914,5dc65d451cda3700060305be|5dce63105516ad00065f0280|5dce818894e4900006125129|5dd0e5dd878f3300066c7644
5da1383b4db8ce0c98bc11ab,5dd374ae44333f00067aa196,F1,1574138101613,18,5da1383b4db8ce0c98bc11ab|5dd374ae44333f00067aa196|F1|1574138101613|18,5,223,178.99617594739652,226.15429105179408,182.4,230.5,5.520072865787103,3.403824052603482,4.345708948205925,3.403824052603482,4.345708948205925,0.0816326530612244,0,188.4421,231.41501,6.110991385209117,1.96164166942675,0,0,0,0,0.0446957503572778,9,10.8120601672191,11.271867889134455,11.227172138777178,1,0.4532789279053962,0.4532789279053962,0.4532789279053962,0.4532789279053962,0.0,0.4532789279053962,4.293233082706767,4.293233082706767,0.8293549529124847,0.8293549529124847,133,133.0,163,1,133,191,0.6963350785340314,4.293233082706767,5.705161889066,0.8293549535287906,0.4532789279053962,161,163,1,1,1,1,1,0.4532789279053962,5,2,2,9,4.414527708429289,8.08757514638123,0.6408977388010152,0.6,5.3235326616824805,7.752418977325715,8.021749164783495,7.380959804886544,6.537975819504098,0,1,8,3.492849839314588,5.715461262834995,7.854890232287948,0,20,1.7561016181242615,path_05,5dd374ae44333f00067aa196,2.0,1.5293595610605604,5dc65d451cda3700060305be|5dce63105516ad00065f0280|5dce818894e4900006125129|5dd0e5dd878f3300066c7644
5da1383b4db8ce0c98bc11ab,5dd374ae44333f00067aa196,F1,1574138105273,19,5da1383b4db8ce0c98bc11ab|5dd374ae44333f00067aa196|F1|1574138105273|19,1,233,186.9497334500317,224.68807319600344,189.1,226.6,2.877344320680629,2.150266549968308,1.9119268039965505,2.150266549968308,1.9119268039965505,0.0,1,192.01868,231.01,5.28836391924761,1.838700928650612,0,0,0,0,0.0211882609007774,8,8.103146156988997,5.28836391924761,5.267175658346833,3,0.4660156304132333,0.3824131604655161,0.4660156304132333,0.3824131604655161,0.0662882350784327,0.4482810868907377,4.543478260869565,5.395901558654636,0.8622916581957806,0.7889356358399704,138,123.0,169,1,157,211,0.7440758293838863,5.630573248407643,7.211985777405776,0.8655170582885928,0.423725409364944,199,169,1,1,2,3,6,0.423725409364944,1,7,4,1,8.08757514638123,1.1375860550083947,0.6532333898436473,0.6333333333333333,11.48564321228899,0.0,10.113650031145,1.8281063371833477,5.742821606144495,0,2,9,4.850773134253948,5.426544273083008,6.791241252948995,0,4,1.8535185401928274,path_05,5dd374ae44333f00067aa196,2.0,1.126783478601818,5dc65d451cda3700060305be|5dce63105516ad00065f0280|5dce818894e4900006125129|5dd0e5dd878f3300066c7644
5da1383b4db8ce0c98bc11ab,5dd374ae44333f00067aa196,F1,1574138115536,20,5da1383b4db8ce0c98bc11ab|5dd374ae44333f00067aa196|F1|1574138115536|20,1,233,187.99066053331063,225.14695535935908,189.1,226.6,1.8281063371833477,1.109339466689363,1.4530446406409112,1.109339466689363,1.4530446406409112,0.0,1,189.14645,226.60197,0.0464917562584954,0.0454433854323698,1,1,1,1,0.0464917562584954,1,1.8582025981548584,0.0464917562584954,0.0,3,0.5110038712283668,0.4536506708038949,0.5110038712283668,0.4536506708038949,0.0406996384636485,0.4946381172045574,3.7803030303030303,4.2136997001730085,0.8570027432575434,0.8324783177764886,132,122.66666666666669,157,1,152,204,0.7450980392156863,5.046052631578948,6.475154946327336,0.8823850177289723,0.4498483575840823,199,157,1,1,3,3,5,0.4498483575840823,2,5,3,6,1.1375860550083947,4.0458395184793945,0.6878237687099134,0.6666666666666666,0.0,7.0292247083159936,2.877344320680629,4.122398489718625,3.5146123541579968,0,2,9,4.850773134253948,5.426544273083008,6.791241252948995,0,4,1.3040948195879807,path_05,5dd374ae44333f00067aa196,2.0,4.5808401954360685,5dc65d451cda3700060305be|5dce63105516ad00065f0280|5dce818894e4900006125129|5dd0e5dd878f3300066c7644
5da1383b4db8ce0c98bc11ab,5dd374ae44333f00067aa196,F1,1574138120492,21,5da1383b4db8ce0c98bc11ab|5dd374ae44333f00067aa196|F1|1574138120492|21,12,221,191.6026244183338,223.32417333657688,181.7,224.6,9.984473148127655,-9.9026244183338,1.2758266634231177,9.9026244183338,1.2758266634231177,0.2244897959183673,0,187.85063,221.90169,6.716481687088861,2.043358520141245,0,0,0,0,0.0493989169921872,3,4.012595289590868,5.792031099105047,5.742632182112859,1,0.4026999767887054,0.4026999767887054,0.4026999767887054,0.4026999767887054,0.0,0.4026999767887054,5.040983606557377,5.040983606557377,0.8254534191283807,0.8254534191283807,122,122.0,158,1,122,183,0.6666666666666666,5.040983606557377,6.529253214647415,0.8254534199992464,0.4026999767887054,147,158,1,0,1,1,7,0.4026999767887054,10,8,10,12,4.0458395184793945,9.413104683030248,0.7045274535643627,0.7,7.665507158694726,0.0,6.314393883064611,0.5934176664109162,3.832753579347363,0,1,7,3.420526275297441,5.622106485596741,8.037235883006817,0,16,2.2905653092916056,path_05,5dd374ae44333f00067aa196,2.0,2.780964190127276,5dc65d451cda3700060305be|5dce63105516ad00065f0280|5dce818894e4900006125129|5dd0e5dd878f3300066c7644
5da1383b4db8ce0c98bc11ab,5dd374ae44333f00067aa196,F1,1574138136331,22,5da1383b4db8ce0c98bc11ab|5dd374ae44333f00067aa196|F1|1574138136331|22,7,214,182.2878428854331,224.68114966946487,175.0,223.9,7.329587214083943,-7.287842885433093,-0.7811496694648667,7.287842885433093,0.7811496694648667,0.1224489795918367,0,174.97868,223.91779,0.0277673639368197,0.0273888417509844,1,1,1,1,0.0277673639368197,7,7.348916931817789,6.75585324193028,6.72808587799346,5,0.4460901822072836,0.3731647680017051,0.4460901822072836,0.2876579440092296,0.1271607589991583,0.439910601044073,3.9140625,5.246911164287259,0.8415620499934348,0.7834693229704399,134,125.66666666666669,175,1,148,254,0.5826771653543307,8.641891891891891,11.207200870482842,0.7955872353920898,0.245536127812146,227,175,1,2,2,3,16,0.245536127812146,2,4,1,1,9.413104683030248,6.048876054696328,0.7579111630901143,0.7333333333333333,18.794946129212494,0.0,16.612607077835868,1.9984167892650664,9.397473064606247,0,1,7,4.90917508345342,7.074696956870364,9.602189602094118,0,24,1.1747663097908871,path_05,5dd374ae44333f00067aa196,2.0,2.236696467299087,5dc65d451cda3700060305be|5dce63105516ad00065f0280|5dce818894e4900006125129|5dd0e5dd878f3300066c7644
5da1383b4db8ce0c98bc11ab,5dd374ae44333f00067aa196,F1,1574138148585,23,5da1383b4db8ce0c98bc11ab|5dd374ae44333f00067aa196|F1|1574138148585|23,7,206,176.28550922702345,225.43007702121628,168.2,225.6,8.087294558688976,-8.085509227023465,0.1699229787837168,8.085509227023465,0.1699229787837168,0.1224489795918367,0,160.35771,224.17522,7.970665624180948,2.1939598789119144,0,0,0,0,0.0490152272258361,14,15.977154138333422,14.644876322198837,14.595861094973,5,0.4792241173457247,0.387442241841247,0.4792241173457247,0.3167646897160709,0.110649665206221,0.4537794973301667,4.25925925925926,5.452396064870977,0.867353886517674,0.8204763240431016,135,127.0,176,1,151,244,0.6188524590163934,7.788079470198675,9.660460822924458,0.8303520858909017,0.2840240573305487,219,176,1,1,2,3,15,0.2840240573305487,3,4,3,4,6.048876054696328,12.66867681085652,0.7992120013077139,0.7666666666666667,13.536986370680884,6.894925670375283,14.117776138421116,4.624884471779023,10.215956020528084,0,1,7,4.751841748206708,6.985868934098463,8.97599515634373,0,24,1.528147966566763,path_05,5dd374ae44333f00067aa196,2.0,1.6797077532421392,5dc65d451cda3700060305be|5dce63105516ad00065f0280|5dce818894e4900006125129|5dd0e5dd878f3300066c7644
5da1383b4db8ce0c98bc11ab,5dd374ae44333f00067aa196,F1,1574138154778,24,5da1383b4db8ce0c98bc11ab|5dd374ae44333f00067aa196|F1|1574138154778|24,2,193,163.66101833877937,226.4872439666775,160.4,224.2,3.983180333471993,-3.2610183387793654,-2.287243966677522,3.2610183387793654,2.287243966677522,0.0204081632653061,0,153.95103,222.46782,6.677549072324369,2.038300365018616,0,0,0,0,0.0585970417342072,8,10.509026718166291,9.46335646656618,9.404759424831973,5,0.4626247689312431,0.3981931691888015,0.4626247689312431,0.3425113164901762,0.0920626726813618,0.4346415924264575,4.16,5.108662553835409,0.882139444701702,0.834944950772378,142,121.0,166,1,156,243,0.6419753086419753,6.160256410256411,8.09993668857815,0.8580735665831007,0.3467223105766274,233,166,1,1,2,4,7,0.3467223105766274,2,3,3,3,12.66867681085652,8.406641713554905,0.8200848665828562,0.8,14.603081866510228,4.110960958218902,15.933062884454182,5.020631732275574,9.357021412364563,0,2,7,3.921734310225526,5.705182549764954,7.861715058872143,0,18,1.289341457693696,path_05,5dd374ae44333f00067aa196,2.0,1.3151021254642368,5dc65d451cda3700060305be|5dce63105516ad00065f0280|5dce818894e4900006125129|5dd0e5dd878f3300066c7644
5da1383b4db8ce0c98bc11ab,5dd374ae44333f00067aa196,F1,1574138160909,25,5da1383b4db8ce0c98bc11ab|5dd374ae44333f00067aa196|F1|1574138160909|25,3,172,155.4191654884741,224.8308966317274,151.7,225.7,3.819362852021223,-3.7191654884741183,0.8691033682725902,3.7191654884741183,0.8691033682725902,0.0408163265306122,0,147.32486,221.5537,6.027740348555159,1.949865224359938,0,0,0,0,0.0525519704673354,8,8.732571162249265,9.987816463551985,9.935264493084649,3,0.3867444506289204,0.3272761084813307,0.3867444506289204,0.3272761084813307,0.0421110257659485,0.369456937975637,5.419847328244275,6.383585321554907,0.8614399735629034,0.8166654953759998,131,128.0,163,1,142,229,0.6200873362445415,5.985915492957746,7.436112872185798,0.8486577564512436,0.340790794699942,208,163,1,0,1,1,6,0.340790794699942,13,14,13,14,8.406641713554905,12.837788719810066,0.8407487672774948,0.8333333333333334,10.239140588936166,8.984430978086474,11.98689754539042,9.602367139250257,9.61178578351132,0,2,8,3.940812099047604,5.299221063801194,7.3934037971401425,0,16,1.8734154052397891,path_05,5dd374ae44333f00067aa196,2.0,1.8349365173852583,5dc65d451cda3700060305be|5dce63105516ad00065f0280|5dce818894e4900006125129|5dd0e5dd878f3300066c7644
5da1383b4db8ce0c98bc11ab,5dd374ae44333f00067aa196,F1,1574138172885,26,5da1383b4db8ce0c98bc11ab|5dd374ae44333f00067aa196|F1|1574138172885|26,1,160,142.96729343935863,221.7068445055715,143.1,223.1,1.399461776145949,0.1327065606413668,1.3931554944284985,0.1327065606413668,1.3931554944284985,0.0,1,133.6861,218.25871,10.585820803041187,2.449782005874448,0,0,0,0,0.0435668922462882,7,9.901019302440844,10.585820803041187,10.5422539107949,7,0.507265085231072,0.466498853587503,0.507265085231072,0.4305225162647145,0.0877848631080526,0.4868861901811347,4.266666666666667,4.924746137644582,0.8907599824641043,0.8865954658423242,150,141.66666666666666,175,1,171,255,0.6705882352941176,8.08187134502924,9.948992719886316,0.8887109665040782,0.2988578839323096,251,175,1,0,1,4,18,0.2988578839323096,9,7,11,16,12.837788719810066,11.93361217645894,0.8811126352792878,0.8666666666666667,13.613228860193315,10.554619841567009,12.440170476409754,12.735933662235974,12.08392435088016,0,2,5,4.459820624195568,6.192784963934338,8.839868362816324,0,21,2.0020236990355667,path_05,5dd374ae44333f00067aa196,2.0,2.0916871362834906,5dc65d451cda3700060305be|5dce63105516ad00065f0280|5dce818894e4900006125129|5dd0e5dd878f3300066c7644
5da1383b4db8ce0c98bc11ab,5dd374ae44333f00067aa196,F1,1574138184271,27,5da1383b4db8ce0c98bc11ab|5dd374ae44333f00067aa196|F1|1574138184271|27,4,150,132.31843164046074,216.3204874837893,136.9,223.0,8.099793583008568,4.581568359539261,6.679512516210707,4.581568359539261,6.679512516210707,0.0612244897959183,0,122.37796,212.246,18.07036695149271,2.948135661770809,0,0,0,0,0.0510074661201875,7,10.743110568655608,12.838983829010758,12.78797636289057,5,0.4761234192861517,0.4419527453330642,0.4761234192861517,0.409166569417941,0.0467603931623907,0.462476644235236,3.710144927536232,4.675006842708706,0.8632257392858405,0.8492707182176996,147,142.66666666666666,172,1,166,247,0.6720647773279352,7.602409638554217,9.342221814629266,0.8906296680784432,0.3142264068024195,241,172,1,1,2,5,5,0.3142264068024195,3,2,1,15,11.93361217645894,7.287189187926096,0.919487969369837,0.9,6.200806399170986,14.785127662620988,6.203571617387422,14.277754793289516,10.492967030895986,0,1,6,4.07921561087423,6.245459917804668,9.298069100519422,0,22,1.6851257373499136,path_05,5dd374ae44333f00067aa196,2.0,3.2587117784653543,5dc65d451cda3700060305be|5dce63105516ad00065f0280|5dce818894e4900006125129|5dd0e5dd878f3300066c7644
5da1383b4db8ce0c98bc11ab,5dd374ae44333f00067aa196,F1,1574138190693,28,5da1383b4db8ce0c98bc11ab|5dd374ae44333f00067aa196|F1|1574138190693|28,3,130,125.18295826361268,214.8412491835417,128.7,217.4,4.3493434350734335,3.5170417363873128,2.558750816458314,3.5170417363873128,2.558750816458314,0.0408163265306122,0,117.45562,207.46977,15.001518237741797,2.772683607596885,0,0,0,0,0.0536976470620423,8,10.679441089948526,11.35051335567249,11.296815708610447,5,0.4578932968300512,0.4099091222250919,0.4578932968300512,0.358825320679547,0.0787268581348466,0.4534282332334031,4.170212765957447,5.247230701320436,0.8653904304073009,0.8407346785293468,147,140.66666666666666,166,1,163,288,0.5659722222222222,8.47239263803681,10.734669479511506,0.8587374842605938,0.2425737373853493,285,166,1,2,2,4,10,0.2425737373853493,6,5,4,5,7.287189187926096,6.424464508207247,0.9411326554342588,0.9333333333333332,5.080354318352216,6.414047084329821,3.776028973583638,5.500020802982087,5.7472007013410185,0,0,6,5.080354318352216,6.544402153618028,9.550446193689035,1,33,1.9724573030679433,path_05,5dd374ae44333f00067aa196,2.0,2.409075340581178,5dc65d451cda3700060305be|5dce63105516ad00065f0280|5dce818894e4900006125129|5dd0e5dd878f3300066c7644
5da1383b4db8ce0c98bc11ab,5dd374ae44333f00067aa196,F1,1574138199979,29,5da1383b4db8ce0c98bc11ab|5dd374ae44333f00067aa196|F1|1574138199979|29,1,126,124.77487250055262,221.2527396676025,125.4,222.9,1.7618884735577591,0.6251274994473874,1.647260332397508,0.6251274994473874,1.647260332397508,0.0,1,118.56299,211.65411,13.161107386242245,2.6504992904508,0,0,0,0,0.0589544926192935,8,11.433336157764742,13.161107386242245,13.102152893622952,4,0.4339460740264387,0.3552469641399045,0.4339460740264387,0.3409196347131855,0.0542947070775035,0.3998403068661619,4.823943661971831,5.756623754593928,0.8726788152037424,0.8213338156165522,142,136.0,175,1,170,308,0.551948051948052,7.505882352941176,9.263463969049718,0.8357062701692479,0.2605684779256771,303,175,1,0,1,4,10,0.2605684779256771,10,13,10,11,6.424464508207247,4.8787170166309295,0.9724301569593632,0.9666666666666668,6.074537019394995,6.074537019394995,8.061673017252781,5.95850065345596,6.074537019394995,0,0,4,6.074537019394995,8.030706977508032,10.415869859827264,1,45,1.8490664668980252,path_05,5dd374ae44333f00067aa196,2.0,3.3892097376897588,5dc65d451cda3700060305be|5dce63105516ad00065f0280|5dce818894e4900006125129|5dd0e5dd878f3300066c7644
5da1383b4db8ce0c98bc11ab,5dd374ae44333f00067aa196,F1,1574138208159,30,5da1383b4db8ce0c98bc11ab|5dd374ae44333f00067aa196|F1|1574138208159|30,3,126,119.95926272972224,220.47057455495224,125.4,222.9,5.95850065345596,5.440737270277765,2.429425445047769,5.440737270277765,2.429425445047769,0.0408163265306122,0,117.475174,215.82109,10.62609212826504,2.453251893578145,0,0,0,0,0.0325748119871728,2,5.271470709761412,5.985815793889417,5.953240981902244,4,0.4687517012120256,0.3668909721505284,0.4687517012120256,0.3491891045818216,0.0699624245423227,0.4263036948734299,4.7,5.29303939579506,0.8877164339917321,0.8151545056592674,150,143.33333333333334,181,1,176,308,0.5714285714285714,7.596590909090909,9.111369021971695,0.8414281746321916,0.2673290776716242,303,181,1,0,1,4,10,0.2673290776716242,9,12,10,8,4.8787170166309295,,1.0,1.0,0.0,,1.7618884735577591,,0.0,0,0,4,6.074537019394995,8.030706977508032,10.415869859827264,1,45,2.0021107699246046,path_05,5dd374ae44333f00067aa196,2.0,4.967365564809504,5dc65d451cda3700060305be|5dce63105516ad00065f0280|5dce818894e4900006125129|5dd0e5dd878f3300066c7644
